-- MySQL dump 10.13  Distrib 8.0.33, for Linux (x86_64)
--
-- Host: localhost    Database: cmhsreams
-- ------------------------------------------------------
-- Server version	8.0.33-0ubuntu0.22.04.2

/*!40101 SET @OLD_CHARACTER_SET_CLIENT=@@CHARACTER_SET_CLIENT */;
/*!40101 SET @OLD_CHARACTER_SET_RESULTS=@@CHARACTER_SET_RESULTS */;
/*!40101 SET @OLD_COLLATION_CONNECTION=@@COLLATION_CONNECTION */;
/*!50503 SET NAMES utf8mb4 */;
/*!40103 SET @OLD_TIME_ZONE=@@TIME_ZONE */;
/*!40103 SET TIME_ZONE='+00:00' */;
/*!40014 SET @OLD_UNIQUE_CHECKS=@@UNIQUE_CHECKS, UNIQUE_CHECKS=0 */;
/*!40014 SET @OLD_FOREIGN_KEY_CHECKS=@@FOREIGN_KEY_CHECKS, FOREIGN_KEY_CHECKS=0 */;
/*!40101 SET @OLD_SQL_MODE=@@SQL_MODE, SQL_MODE='NO_AUTO_VALUE_ON_ZERO' */;
/*!40111 SET @OLD_SQL_NOTES=@@SQL_NOTES, SQL_NOTES=0 */;

--
-- Table structure for table `configuration`
--

DROP TABLE IF EXISTS `configuration`;
/*!40101 SET @saved_cs_client     = @@character_set_client */;
/*!50503 SET character_set_client = utf8mb4 */;
CREATE TABLE `configuration` (
  `id` int NOT NULL AUTO_INCREMENT,
  `created` datetime NOT NULL,
  `updated` datetime NOT NULL,
  `key` varchar(255) COLLATE utf8mb3_unicode_ci NOT NULL,
  `value` longtext COLLATE utf8mb3_unicode_ci,
  `description` varchar(255) COLLATE utf8mb3_unicode_ci NOT NULL,
  PRIMARY KEY (`id`)
) ENGINE=InnoDB AUTO_INCREMENT=13 DEFAULT CHARSET=utf8mb3 COLLATE=utf8mb3_unicode_ci;
/*!40101 SET character_set_client = @saved_cs_client */;

--
-- Dumping data for table `configuration`
--

LOCK TABLES `configuration` WRITE;
/*!40000 ALTER TABLE `configuration` DISABLE KEYS */;
INSERT INTO `configuration` VALUES (2,'1970-01-01 00:00:00','1970-01-01 00:00:00','committee.name','BIREME/PAHO/WHO','Committee Name'),(3,'1970-01-01 00:00:00','1970-01-01 00:00:00','committee.prefix','BIR','Committee Prefix Code'),(4,'1970-01-01 00:00:00','1970-01-01 00:00:00','committee.email','committee@proethos2.com','Committee Contact'),(5,'1970-01-01 00:00:00','1970-01-01 00:00:00','committee.address','525 Twenty-Third Street, N.W., Washington, D.C. 20037, United States','Committee Address'),(6,'1970-01-01 00:00:00','1970-01-01 00:00:00','committee.phones','Phone: +X (XXX) XXX-XXXX\r\nFax: +X (XXX) XXX-XXXX','Committee Phone Numbers'),(7,'1970-01-01 00:00:00','1970-01-01 00:00:00','recaptcha.secret','','Google ReCaptcha Site Key'),(8,'1970-01-01 00:00:00','1970-01-01 00:00:00','committee.description','ProEthos is a web-based platform for the ethics review of human subjects research. Developed by the Pan American Health Organization (PAHO) and the Latin American and Caribbean Center on Health Sciences Information (BIREME) in collaboration with the Pontifical Catholic University of Paraná (PUCPR), ProEthos aims to improve the quality of the ethics review process, ultimately enhancing protections for research participants.','Committee Description'),(9,'1970-01-01 00:00:00','1970-01-01 00:00:00','committee.logourl','/bundles/proethos2core/img/icon-submission.png','Committee Logo Image URL'),(10,'1970-01-01 00:00:00','1970-01-01 00:00:00','country.locale','US|USD','Currency'),(11,'1970-01-01 00:00:00','1970-01-01 00:00:00','protocol.checklist','Lorem ipsum dolor sit amet, consectetur adipiscing elit. In et imperdiet quam. Class aptent taciti sociosqu ad litora torquent per conubia nostra, per inceptos himenaeos. Nullam varius leo dui, quis porttitor nisi vehicula ac. Duis rutrum luctus eros, quis mollis purus sollicitudin in. Nullam elementum ex est, id varius tellus pulvinar ut. Etiam pretium nunc ac volutpat pretium. Praesent sodales cursus sem, eu ornare felis aliquet in. Fusce enim sapien, hendrerit quis laoreet eget, laoreet nec lorem.','Protocol Checklist'),(12,'1970-01-01 00:00:00','1970-01-01 00:00:00','google.analytics','','Google Analytics Code');
/*!40000 ALTER TABLE `configuration` ENABLE KEYS */;
UNLOCK TABLES;

--
-- Table structure for table `document`
--

DROP TABLE IF EXISTS `document`;
/*!40101 SET @saved_cs_client     = @@character_set_client */;
/*!50503 SET character_set_client = utf8mb4 */;
CREATE TABLE `document` (
  `id` int NOT NULL AUTO_INCREMENT,
  `created` datetime NOT NULL,
  `updated` datetime NOT NULL,
  `status` tinyint(1) NOT NULL,
  `title` varchar(255) COLLATE utf8mb3_unicode_ci NOT NULL,
  `description` longtext COLLATE utf8mb3_unicode_ci NOT NULL,
  `filename` varchar(255) COLLATE utf8mb3_unicode_ci NOT NULL,
  `filepath` varchar(1023) COLLATE utf8mb3_unicode_ci NOT NULL,
  PRIMARY KEY (`id`)
) ENGINE=InnoDB DEFAULT CHARSET=utf8mb3 COLLATE=utf8mb3_unicode_ci;
/*!40101 SET character_set_client = @saved_cs_client */;

--
-- Dumping data for table `document`
--

LOCK TABLES `document` WRITE;
/*!40000 ALTER TABLE `document` DISABLE KEYS */;
/*!40000 ALTER TABLE `document` ENABLE KEYS */;
UNLOCK TABLES;

--
-- Table structure for table `document_role`
--

DROP TABLE IF EXISTS `document_role`;
/*!40101 SET @saved_cs_client     = @@character_set_client */;
/*!50503 SET character_set_client = utf8mb4 */;
CREATE TABLE `document_role` (
  `document_id` int NOT NULL,
  `role_id` int NOT NULL,
  PRIMARY KEY (`document_id`,`role_id`),
  KEY `IDX_F0DD06F9C33F7837` (`document_id`),
  KEY `IDX_F0DD06F9D60322AC` (`role_id`),
  CONSTRAINT `FK_F0DD06F9C33F7837` FOREIGN KEY (`document_id`) REFERENCES `document` (`id`) ON DELETE CASCADE,
  CONSTRAINT `FK_F0DD06F9D60322AC` FOREIGN KEY (`role_id`) REFERENCES `list_role` (`id`) ON DELETE CASCADE
) ENGINE=InnoDB DEFAULT CHARSET=utf8mb3 COLLATE=utf8mb3_unicode_ci;
/*!40101 SET character_set_client = @saved_cs_client */;

--
-- Dumping data for table `document_role`
--

LOCK TABLES `document_role` WRITE;
/*!40000 ALTER TABLE `document_role` DISABLE KEYS */;
/*!40000 ALTER TABLE `document_role` ENABLE KEYS */;
UNLOCK TABLES;

--
-- Table structure for table `ext_translations`
--

DROP TABLE IF EXISTS `ext_translations`;
/*!40101 SET @saved_cs_client     = @@character_set_client */;
/*!50503 SET character_set_client = utf8mb4 */;
CREATE TABLE `ext_translations` (
  `id` int NOT NULL AUTO_INCREMENT,
  `locale` varchar(8) COLLATE utf8mb3_unicode_ci NOT NULL,
  `object_class` varchar(255) COLLATE utf8mb3_unicode_ci NOT NULL,
  `field` varchar(32) COLLATE utf8mb3_unicode_ci NOT NULL,
  `foreign_key` varchar(64) COLLATE utf8mb3_unicode_ci NOT NULL,
  `content` longtext COLLATE utf8mb3_unicode_ci,
  PRIMARY KEY (`id`),
  UNIQUE KEY `lookup_unique_idx` (`locale`,`object_class`,`field`,`foreign_key`),
  KEY `translations_lookup_idx` (`locale`,`object_class`,`foreign_key`)
) ENGINE=InnoDB AUTO_INCREMENT=1608 DEFAULT CHARSET=utf8mb3 COLLATE=utf8mb3_unicode_ci ROW_FORMAT=DYNAMIC;
/*!40101 SET character_set_client = @saved_cs_client */;

--
-- Dumping data for table `ext_translations`
--

LOCK TABLES `ext_translations` WRITE;
/*!40000 ALTER TABLE `ext_translations` DISABLE KEYS */;
INSERT INTO `ext_translations` VALUES (1,'en','Proethos2\\ModelBundle\\Entity\\Help','message','1','Brief summary of the protocol'),(2,'en','Proethos2\\ModelBundle\\Entity\\Help','message','2','Key words pertaining to the protocol, separated by commas'),(3,'en','Proethos2\\ModelBundle\\Entity\\Help','message','3','Introductory information of the protocol'),(4,'en','Proethos2\\ModelBundle\\Entity\\Help','message','4','Justification of the study'),(5,'en','Proethos2\\ModelBundle\\Entity\\Help','message','5','Objectives of the study'),(6,'en','Proethos2\\ModelBundle\\Entity\\Help','message','13','Is this submission a clinical trial?'),(7,'en','Proethos2\\ModelBundle\\Entity\\Help','message','14','Scientific title of the protocol'),(8,'en','Proethos2\\ModelBundle\\Entity\\Help','message','15','Public title of protocol'),(9,'en','Proethos2\\ModelBundle\\Entity\\Help','message','16','Does this protocol have an acronym?'),(10,'en','Proethos2\\ModelBundle\\Entity\\Help','message','56','Search for a  user by name or email address'),(11,'en','Proethos2\\ModelBundle\\Entity\\Help','message','64','Search for a meeting by subject'),(12,'en','Proethos2\\ModelBundle\\Entity\\Help','message','65','Date'),(13,'en','Proethos2\\ModelBundle\\Entity\\Help','message','66','Subject'),(14,'en','Proethos2\\ModelBundle\\Entity\\Help','message','67','Content'),(15,'en','Proethos2\\ModelBundle\\Entity\\Help','message','70','Profile'),(16,'en','Proethos2\\ModelBundle\\Entity\\Help','message','72','Search for protocols by ID number, key word or investigator\'s name'),(17,'en','Proethos2\\ModelBundle\\Entity\\Help','message','73','Protocolo status'),(18,'en','Proethos2\\ModelBundle\\Entity\\Help','message','82','Search for protocols by ID number, key word, or investigator name'),(19,'en','Proethos2\\ModelBundle\\Entity\\Help','message','83','Protocol status'),(20,'en','Proethos2\\ModelBundle\\Entity\\Help','message','88','Search for a question by entering a key word'),(21,'en','Proethos2\\ModelBundle\\Entity\\Help','message','89','Question'),(22,'en','Proethos2\\ModelBundle\\Entity\\Help','message','90','Answer'),(23,'en','Proethos2\\ModelBundle\\Entity\\Help','message','91','Active?'),(24,'en','Proethos2\\ModelBundle\\Entity\\Help','message','92','Search for a document by title or by user role'),(25,'en','Proethos2\\ModelBundle\\Entity\\Help','message','93','Title'),(26,'en','Proethos2\\ModelBundle\\Entity\\Help','message','94','Description'),(27,'en','Proethos2\\ModelBundle\\Entity\\Help','message','96','File'),(28,'en','Proethos2\\ModelBundle\\Entity\\Help','message','97','Active?'),(29,'en','Proethos2\\ModelBundle\\Entity\\Help','message','112','Committee screening'),(30,'en','Proethos2\\ModelBundle\\Entity\\Help','message','122','# of evaluations required'),(31,'en','Proethos2\\ModelBundle\\Entity\\Help','message','123','Select meeting date'),(32,'en','Proethos2\\ModelBundle\\Entity\\Help','message','124','Communicate decision'),(33,'en','Proethos2\\ModelBundle\\Entity\\Help','message','125','Final decision'),(34,'en','Proethos2\\ModelBundle\\Entity\\Help','message','126','Message'),(35,'en','Proethos2\\ModelBundle\\Entity\\Help','message','127','Reject submission'),(36,'en','Proethos2\\ModelBundle\\Entity\\Help','message','128','Reason why protocol is being returned'),(37,'en','Proethos2\\ModelBundle\\Entity\\Help','message','129','Accept submission'),(38,'en','Proethos2\\ModelBundle\\Entity\\Help','message','183','Decision'),(39,'en','Proethos2\\ModelBundle\\Entity\\Help','message','184','Is this a confidential message?'),(40,'en','Proethos2\\ModelBundle\\Entity\\Help','message','185','Monitoring time frame'),(41,'en','Proethos2\\ModelBundle\\Entity\\Help','message','198','Submission Language'),(42,'en','Proethos2\\ModelBundle\\Entity\\Help','message','199','Does my project need ethics review?'),(43,'en','Proethos2\\ModelBundle\\Entity\\Help','message','201','Hello!\n\nA new monitoring action has been submitted.\n\nAccess the link below for more details.\n\nProtocol <b>%protocol_code%</b>: %protocol_url%\n\nRegards,\nCMHS-REAMS Team'),(44,'en','Proethos2\\ModelBundle\\Entity\\Help','message','202','Dear investigator,\n\nYour protocol was sent to ethics review.\nThe committee will now meet to review your protocol, and an official decision will be sent to you shortly.\n\nAccess the link below for more details:\n\n%protocol_url%\n\nRegards,\nCMHS-REAMS Team'),(45,'en','Proethos2\\ModelBundle\\Entity\\Help','message','203','Hello!\n\nYou have been registered in the ProEthos2 Platform.\n\nPlease access the link below and set your password:\n\n%reset_password_url%\n\nRegards,\nCMHS-REAMS Team'),(46,'en','Proethos2\\ModelBundle\\Entity\\Help','message','204','Hello!\n\nYour access has been validated in the ProEthos2 platform.\n\nAccess the link below:\n\n%home_url%\n\nRegards,\nCMHS-REAMS Team'),(47,'en','Proethos2\\ModelBundle\\Entity\\Help','message','205','Hello!\n\nA message was sent to Proethos2 administrator from plataform.\n\n<b>User</b>: %username% (%email%)\n<b>Subject</b>: %subject%\n<b>Message</b>:\n%message%\n\nRegards,\nCMHS-REAMS Team'),(48,'en','Proethos2\\ModelBundle\\Entity\\Help','message','206','Hello!\n\nYou asked for a new password in Proethos2 platform.\n\nPlease access the link below to change your password:\n\n%reset_password_url%\n\nRegards,\nCMHS-REAMS Team'),(49,'en','Proethos2\\ModelBundle\\Entity\\Help','message','207','Hello!\n\nYou have been registered in the ProEthos2 Platform.\nPlease wait until your access has been validated.\nWe will send you an email.\n\nRegards,\nCMHS-REAMS Team'),(50,'en','Proethos2\\ModelBundle\\Entity\\Help','message','208','Hello!\n\nThere is a new user registered in the Proethos2 platform.\n\nPlease check and authorize this access.\n\n%home_url%\n\nRegards,\nCMHS-REAMS Team'),(51,'en','Proethos2\\ModelBundle\\Entity\\Help','message','209','Hello!\n\nYour protocol was rejected.\n\nAccess the link below for more details.\n\n%protocol_url%\n\nRegards,\nCMHS-REAMS Team'),(52,'en','Proethos2\\ModelBundle\\Entity\\Help','message','210','Hello! A new protocol needs your analysis.\n\nAccess the link below for more details.\n\nProtocol <b>%protocol_code%</b>: %protocol_url%\n\nRegards,\nCMHS-REAMS Team'),(53,'en','Proethos2\\ModelBundle\\Entity\\Help','message','211','Hello!\n\nYour protocol was sent to review.\n\nAccess the link below.\n\nProtocol <b>%protocol_code%</b>: %protocol_url%\n\nRegards,\nCMHS-REAMS Team'),(54,'en','Proethos2\\ModelBundle\\Entity\\Help','message','212','Dear investigator,\n\nCMHS-REAMS Team conducted an initial review of your research proposal and determined it must pass through full ethics review before initiating the research.\nCMHS-REAMS Team meets on the second Tuesday of each month to review complete proposals.\nCMHS-REAMS Team observations are emailed to research teams shortly after each monthly meeting.\n\nInitial committee screening: %committee_screening%\n\nAccess the link below for more details.\n\nProtocol <b>%protocol_code%</b>: %protocol_url%\n\nRegards,\nCMHS-REAMS Team'),(55,'en','Proethos2\\ModelBundle\\Entity\\Help','message','213','Dear investigator,\n\nCMHS-REAMS Team conducted an initial review of your research proposal and determined it must pass through full ethics review before initiating the research.\nCMHS-REAMS Team meets on the second Tuesday of each month to review complete proposals.\nCMHS-REAMS Team Observations are emailed to research teams shortly after each monthly meeting.\n\nAccess the link below for more details.\n\nProtocol <b>%protocol_code%</b>: %protocol_url%\n\nRegards,\nCMHS-REAMS Team'),(56,'en','Proethos2\\ModelBundle\\Entity\\Help','message','214','Dear investigator,\n\nWe write to you in regards to your research proposal, which you recently submitted to CMHS-REAMS Team for ethics review.\nAttached you will find the official decision issued by the Committee for this proposal.\nThank you for your submission. We look forward to continue receiving your valuable contributions.\n\nAccess the link below for more details.\n\nProtocol <b>%protocol_code%</b>: %protocol_url%\n\nRegards,\nCMHS-REAMS Team'),(57,'en','Proethos2\\ModelBundle\\Entity\\Help','message','215','Dear Reviewer,\r\n\r\nWe are writing to inform you that you have been selected to participate in an ethical review of a research study entitled \"%protocol_title%\" submitted to our institution. Your expertise in the relevant field and experience with research ethics make you an ideal candidate for this task.\r\n\r\nBefore we can proceed with the ethical review process, we kindly ask that you complete a declaration of potential conflicts of interest. The declaration form can be accessed via the following link: %protocol_url%\r\n\r\nThank you for your cooperation.\r\n\r\nBest regards,\r\n\r\nCMHS REAMS'),(58,'en','Proethos2\\ModelBundle\\Entity\\Help','message','216','Dear investigator,\n\nWe write to you in regards to your research proposal, which you recently submitted to CMHS-REAMS Team for ethics review.\nAttached you will find the official decision issued by the Committee for this proposal.\nThank you for your submission. We look forward to continue receiving your valuable contributions.\n\nAccess the link below for more details.\n\nProtocol <b>%protocol_code%</b>: %protocol_url%\n\nRegards,\nCMHS-REAMS Team'),(59,'en','Proethos2\\ModelBundle\\Entity\\Help','message','217','Hello!\n\nA new monitoring action has been submitted.\n\nAccess the link below for more details.\n\nProtocol <b>%protocol_code%</b>: %protocol_url%\n\nRegards,\nCMHS-REAMS Team'),(60,'en','Proethos2\\ModelBundle\\Entity\\ClinicalTrialName','name','1','Australian New Zealand Clinical Trials Registry'),(61,'en','Proethos2\\ModelBundle\\Entity\\Gender','name','2','Male'),(62,'en','Proethos2\\ModelBundle\\Entity\\Gender','name','3','Female'),(63,'en','Proethos2\\ModelBundle\\Entity\\Gender','name','4','Both'),(64,'en','Proethos2\\ModelBundle\\Entity\\MonitoringAction','name','1','Submit an amendment'),(65,'en','Proethos2\\ModelBundle\\Entity\\MonitoringAction','name','2','Adverse event report'),(66,'en','Proethos2\\ModelBundle\\Entity\\MonitoringAction','name','3','Conclusion of study'),(67,'en','Proethos2\\ModelBundle\\Entity\\MonitoringAction','name','4','Follow-up report'),(68,'en','Proethos2\\ModelBundle\\Entity\\MonitoringAction','name','5','Discontinuation of study'),(69,'en','Proethos2\\ModelBundle\\Entity\\MonitoringAction','name','6','Submit other documents'),(70,'en','Proethos2\\ModelBundle\\Entity\\MonitoringAction','name','7','Request extension of approval'),(71,'en','Proethos2\\ModelBundle\\Entity\\MonitoringAction','name','8','Cancellation of study'),(72,'en','Proethos2\\ModelBundle\\Entity\\RecruitmentStatus','name','1','Recruiting'),(73,'en','Proethos2\\ModelBundle\\Entity\\RecruitmentStatus','name','2','Suspended'),(74,'en','Proethos2\\ModelBundle\\Entity\\RecruitmentStatus','name','3','Completed'),(75,'en','Proethos2\\ModelBundle\\Entity\\RecruitmentStatus','name','4','Other'),(76,'en','Proethos2\\ModelBundle\\Entity\\RecruitmentStatus','name','8','Pending'),(77,'en','Proethos2\\ModelBundle\\Entity\\UploadType','name','1','Protocol'),(78,'en','Proethos2\\ModelBundle\\Entity\\UploadType','name','2','Others'),(79,'en','Proethos2\\ModelBundle\\Entity\\UploadType','name','3','Decision'),(80,'en','Proethos2\\ModelBundle\\Entity\\UploadType','name','11','Institutional Authorization'),(81,'en','Proethos2\\ModelBundle\\Entity\\UploadType','name','27','Scientific Support'),(82,'en','Proethos2\\ModelBundle\\Entity\\UploadType','name','28','Bibliography'),(83,'en','Proethos2\\ModelBundle\\Entity\\UploadType','name','29','Questionnaire'),(84,'en','Proethos2\\ModelBundle\\Entity\\UploadType','name','30','Opinion'),(85,'en','Proethos2\\ModelBundle\\Entity\\UploadType','name','31','Decision issued by another committee'),(86,'en','Proethos2\\ModelBundle\\Entity\\UploadType','name','32','Survey'),(87,'en','Proethos2\\ModelBundle\\Entity\\UploadType','name','33','Justification waiver of consent'),(88,'en','Proethos2\\ModelBundle\\Entity\\UploadType','name','34','Recruitment material/participant information'),(89,'en','Proethos2\\ModelBundle\\Entity\\UploadType','name','35','Insurance policy'),(90,'en','Proethos2\\ModelBundle\\Entity\\UploadType','name','36','Estimation'),(91,'en','Proethos2\\ModelBundle\\Entity\\UploadType','name','37','Protocol with animals'),(92,'en','Proethos2\\ModelBundle\\Entity\\UploadType','name','38','Adverse event report'),(93,'en','Proethos2\\ModelBundle\\Entity\\UploadType','name','39','Executive Summary'),(94,'en','Proethos2\\ModelBundle\\Entity\\UploadType','name','40','Informed consent'),(95,'en','Proethos2\\ModelBundle\\Entity\\UploadType','name','41','Protocol'),(96,'en','Proethos2\\ModelBundle\\Entity\\UploadType','name','42','Opinion'),(97,'en','Proethos2\\ModelBundle\\Entity\\Faq','answer','1','<p>All research with human subjects should obtain ethics\napproval from a research ethics committee prior to its initiation. To meet the\ndefinition of research with human subjects, the proposal must constitute\nresearch and it must obtain information from human subjects. Research is\ndefined as any social science, biomedical, behavioral, or epidemiological\nactivity that entails systematic collection or analysis of data, with the\nintent to develop generalizable knowledge. Human subjects are defined as human\nbeings (i) who become individually identifiable through investigator?s\ncollection, preparation, or use of biological material or medical or other\nrecords, or (ii) who are exposed to manipulation, intervention, observation, or\nother interaction with investigators either directly or through alteration of\ntheir environment. Research with human subjects includes studies that use\ntissues, samples, data or records from humans, as well as studies that involve\nthe conduction of interviews, focus groups or surveys, or the observation of\nprivate behavior.</p>\n\n<p>Activities that do not constitute research with human\nsubjects are exempted from ethics review. These are activities that do not aim\nat the production of generalizable knowledge or do not involve human subjects\nin the ways described above. For example, the following activities do not\nconstitute research with human subjects and are thus exempted from ethics\nreview:</p>\n\n<ul><li>Studies using data that are publicly available or\ngenerated by observation of public behavior.</li></ul>\n\n<ul><li>Studies using data, samples, or tissue that already exist\n(i.e. the data, samples or tissue have been obtained by others) and are\nreceived by the research team in such a manner that the identity of the\nindividuals cannot be established.</li></ul>\n\n<ul><li>Public health activities conducted under recognized public\nhealth authority with the intent to prevent or control of disease or injury,\nincluding surveillance activities aimed only at the identification or control\nof a health problem. These are activities that seek the benefit of the\nparticipants or the participants? communities, and do not intend to generate\nknowledge that is applicable to other populations.</li></ul>\n\n<ul><li>Quality assurance activities or program evaluations aimed\nat improving the program at stake, and with no intent to produce generalizable\nknowledge.</li></ul>\n\n<p>Projects might involve multiple components, some of which\nmight constitute research with human subjects while other components might not.\nThe components that constitute research with human subjects should undergo\nethics review. Determinations about whether a proposal is exempted from ethics\nreview should be made by an independent party such as an ethics review\ncommittee.</p>'),(98,'en','Proethos2\\ModelBundle\\Entity\\Faq','question','1','What is subject to ethics review?'),(99,'en','Proethos2\\ModelBundle\\Entity\\Faq','question','2','What are the international ethical guidelines for research with human subjects?'),(100,'en','Proethos2\\ModelBundle\\Entity\\Faq','answer','2','<ul><li>Declaration of Helsinki of the World Medical Association\n(2013 revision): <a href=\"http://www.wma.net/en/30publications/10policies/b3/\" rel=\"nofollow\" target=\"_blank\">http://www.wma.net/en/30publications/10policies/b3/</a>\n</li></ul>\n\n<ul><li>International Ethical Guidelines for Biomedical Research\nInvolving Human Subjects of the Council for International Organizations of\nMedical Sciences (CIOMS): <a href=\"http://www.cioms.ch/publications/guidelines/guidelines_nov_2002_blurb.htm\" rel=\"nofollow\" target=\"_blank\">http://www.cioms.ch/publications/guidelines/guidelines_nov_2002_blurb.htm</a>\n</li></ul>\n\n<ul><li>International Guidelines for Ethical Review of\nEpidemiological Studies of the Council for International Organizations of\nMedical Sciences (CIOMS): <a href=\"http://www.cioms.ch/publications/guidelines/1991_texts_of_guidelines.htm\" rel=\"nofollow\" target=\"_blank\">http://www.cioms.ch/publications/guidelines/1991_texts_of_guidelines.htm</a>\n</li></ul>'),(101,'en','Proethos2\\ModelBundle\\Entity\\Faq','question','3','What are the standards of each country for research with human subjects?'),(102,'en','Proethos2\\ModelBundle\\Entity\\Faq','answer','3','<ul><li>International\nCompilation of Human Research Standards (2015 edition): <a href=\"http://www.hhs.gov/ohrp/international/index.html\" rel=\"nofollow\" target=\"_blank\">http://www.hhs.gov/ohrp/international/index.html</a>\n</li></ul>'),(103,'en','Proethos2\\ModelBundle\\Entity\\Faq','question','4','How should ethics review committees function?'),(104,'en','Proethos2\\ModelBundle\\Entity\\Faq','answer','4','<ul><li>Standards\nand Operational Guidance for Ethics Review of Health-Related Research with\nHuman Participants published by WHO: <a href=\"http://whqlibdoc.who.int/publications/2011/9789241502948_eng.pdf?ua=1\" rel=\"nofollow\" target=\"_blank\">http://whqlibdoc.who.int/publications/2011/9789241502948_eng.pdf?ua=1</a></li></ul>'),(105,'en','Proethos2\\ModelBundle\\Entity\\Faq','question','5','Which questions should guide the ethics review of research with human subjects?'),(106,'en','Proethos2\\ModelBundle\\Entity\\Faq','answer','5','<ul><li>Social value: Can the study lead to improvements in health\nor well-being? What is the potential value of the research for each of the\nprospective beneficiaries?</li></ul>\n\n<ul><li>Scientific validity: Is the investigation methodologically\nvalid and scientifically (and statistically) sound? Will the study generate\nvalid and reliable data that can be generalizable? Is the study feasible? Does\nthe study design ensure participants the health-care interventions they are\nentitled to? If not, are there methodologically compelling reasons and are\nparticipants protected from serious harm?</li></ul>\n\n<ul><li>Fair participant selection: What are the criteria to include\nand exclude participants? Is selection of participants based on scientific\ncriteria? Are research participants selected to minimize risks and maximize\npotential benefits? If participants are vulnerable, are there any safeguards to\nprotect them? Are the risks and potential benefits of the study fairly\ndistributed?</li></ul>\n\n<ul><li>Favorable risk-benefit ratio: Can the risks for participants\nbe minimized? Can potential benefits for individuals and society be improved?\nDo the potential benefits for society and individuals outweigh the risks?</li></ul>\n\n<ul><li>Informed consent: Is the information provided to potential\nparticipants accurate, clear, relevant and complete? Are the recruitment\nprocedures, consent process and incentives appropriate for their culture and\ncontext? Is there an appropriate plan for obtaining permission for those that\ncan?t consent for themselves? Are the participants being made aware of their\nright to refuse to participate and are they actually free to refuse?</li></ul>\n\n<ul><li>Respect for participants: How will the health and well-being\nof participants be monitored to minimize harms? How will their privacy be\nprotected? Can participants withdraw from the study without penalty? What are\nthe plans of care after the study is completed? Will participants be given any\nnew information (including the results of the study)?</li></ul>\n\n<p>(Adapted from (1) Emanuel E, Wendler D, Grady C. An ethical\nframework for biomedical research. In: Emanuel E et al. eds. The Oxford\ntextbook of clinical research ethics. New York, NY: Oxford University Press;\n2008: 123-135. (2) Emanuel E, Wendler D, Grady C. What makes clinical research\nethical? JAMA 2000;283:2701-27711. (3) Emanuel E, Wendler D, Killen J, Grady C.\nWhat makes clinical research in developing countries ethical? The benchmarks of\nethical research. JID 2004;189:930-937.)</p>\n\n<br><br><br><br>'),(107,'es_ES','Proethos2\\ModelBundle\\Entity\\Help','message','1','Resumen breve del protocolo'),(108,'es_ES','Proethos2\\ModelBundle\\Entity\\Help','message','2','Palabras claves referentes al protocolo, separadas por comas'),(109,'es_ES','Proethos2\\ModelBundle\\Entity\\Help','message','3','Información introductoria del protocolo'),(110,'es_ES','Proethos2\\ModelBundle\\Entity\\Help','message','4','Justificación del estudio'),(111,'es_ES','Proethos2\\ModelBundle\\Entity\\Help','message','5','Objetivos del estudio'),(112,'es_ES','Proethos2\\ModelBundle\\Entity\\Help','message','13','¿Es esta presentación un ensayo clínico?'),(113,'es_ES','Proethos2\\ModelBundle\\Entity\\Help','message','14','Título científico del protocolo'),(114,'es_ES','Proethos2\\ModelBundle\\Entity\\Help','message','15','Título público del protocolo'),(115,'es_ES','Proethos2\\ModelBundle\\Entity\\Help','message','16','¿Este protocolo tiene algún acronimo? ¿Siglas?'),(116,'es_ES','Proethos2\\ModelBundle\\Entity\\Help','message','56','Buscar un usuario por nombre o dirección de e-mail'),(117,'es_ES','Proethos2\\ModelBundle\\Entity\\Help','message','64','Buscar una reunión por tema'),(118,'es_ES','Proethos2\\ModelBundle\\Entity\\Help','message','65','Fecha'),(119,'es_ES','Proethos2\\ModelBundle\\Entity\\Help','message','66','Tema'),(120,'es_ES','Proethos2\\ModelBundle\\Entity\\Help','message','67','Contenido'),(121,'es_ES','Proethos2\\ModelBundle\\Entity\\Help','message','70','Perfil'),(122,'es_ES','Proethos2\\ModelBundle\\Entity\\Help','message','72','Buscar protocolos por número de ID, palabra clave o nombre del investigador'),(123,'es_ES','Proethos2\\ModelBundle\\Entity\\Help','message','73','Estado del protocolo'),(124,'es_ES','Proethos2\\ModelBundle\\Entity\\Help','message','82','Buscar protocolos por número de ID, palabra clave o nombre del investigador'),(125,'es_ES','Proethos2\\ModelBundle\\Entity\\Help','message','83','Estado del protocolo'),(126,'es_ES','Proethos2\\ModelBundle\\Entity\\Help','message','88','Buscar una pregunta'),(127,'es_ES','Proethos2\\ModelBundle\\Entity\\Help','message','89','Pregunta'),(128,'es_ES','Proethos2\\ModelBundle\\Entity\\Help','message','90','Respuesta'),(129,'es_ES','Proethos2\\ModelBundle\\Entity\\Help','message','91','¿Activo?'),(130,'es_ES','Proethos2\\ModelBundle\\Entity\\Help','message','92','Buscar un documento por título o por rol de usuário '),(131,'es_ES','Proethos2\\ModelBundle\\Entity\\Help','message','93','Título'),(132,'es_ES','Proethos2\\ModelBundle\\Entity\\Help','message','94','Descripción'),(133,'es_ES','Proethos2\\ModelBundle\\Entity\\Help','message','96','Archivo'),(134,'es_ES','Proethos2\\ModelBundle\\Entity\\Help','message','97','¿Activo?'),(135,'es_ES','Proethos2\\ModelBundle\\Entity\\Help','message','112','Revisión inicial del comité'),(136,'es_ES','Proethos2\\ModelBundle\\Entity\\Help','message','122','# de evaluaciones requeridas'),(137,'es_ES','Proethos2\\ModelBundle\\Entity\\Help','message','123','Seleccionar fecha de reunión'),(138,'es_ES','Proethos2\\ModelBundle\\Entity\\Help','message','124','Comunicar decisión'),(139,'es_ES','Proethos2\\ModelBundle\\Entity\\Help','message','125','Decisión final'),(140,'es_ES','Proethos2\\ModelBundle\\Entity\\Help','message','126','Mensaje'),(141,'es_ES','Proethos2\\ModelBundle\\Entity\\Help','message','127','Rechazar presentación'),(142,'es_ES','Proethos2\\ModelBundle\\Entity\\Help','message','128','Razón por la cual el protocolo esta siendo devuelto'),(143,'es_ES','Proethos2\\ModelBundle\\Entity\\Help','message','129','Aceptar presentación'),(144,'es_ES','Proethos2\\ModelBundle\\Entity\\Help','message','183','Decisión'),(145,'es_ES','Proethos2\\ModelBundle\\Entity\\Help','message','184','¿Es este un mensaje confidencial?'),(146,'es_ES','Proethos2\\ModelBundle\\Entity\\Help','message','185','Período de monitoreo'),(147,'es_ES','Proethos2\\ModelBundle\\Entity\\Help','message','199','¿Requiere este proyecto revisión ética?'),(148,'es_ES','Proethos2\\ModelBundle\\Entity\\Help','message','201',''),(149,'es_ES','Proethos2\\ModelBundle\\Entity\\Help','message','202',''),(150,'es_ES','Proethos2\\ModelBundle\\Entity\\Help','message','203',''),(151,'es_ES','Proethos2\\ModelBundle\\Entity\\Help','message','204',''),(152,'es_ES','Proethos2\\ModelBundle\\Entity\\Help','message','205',''),(153,'es_ES','Proethos2\\ModelBundle\\Entity\\Help','message','206',''),(154,'es_ES','Proethos2\\ModelBundle\\Entity\\Help','message','207',''),(155,'es_ES','Proethos2\\ModelBundle\\Entity\\Help','message','208',''),(156,'es_ES','Proethos2\\ModelBundle\\Entity\\Help','message','209',''),(157,'es_ES','Proethos2\\ModelBundle\\Entity\\Help','message','210',''),(158,'es_ES','Proethos2\\ModelBundle\\Entity\\Help','message','211',''),(159,'es_ES','Proethos2\\ModelBundle\\Entity\\ClinicalTrialName','name','1','Registro de Ensayos Clínicos de Australia y Nueva Zelanda'),(160,'es_ES','Proethos2\\ModelBundle\\Entity\\ClinicalTrialName','name','4','ClinicalTrials.gov'),(161,'es_ES','Proethos2\\ModelBundle\\Entity\\Country','name','1','Afganistán'),(162,'es_ES','Proethos2\\ModelBundle\\Entity\\Country','name','2','Islas Åland'),(163,'es_ES','Proethos2\\ModelBundle\\Entity\\Country','name','3','Albania'),(164,'es_ES','Proethos2\\ModelBundle\\Entity\\Country','name','4','Argelia'),(165,'es_ES','Proethos2\\ModelBundle\\Entity\\Country','name','5','Samoa Americana'),(166,'es_ES','Proethos2\\ModelBundle\\Entity\\Country','name','6','Andorra'),(167,'es_ES','Proethos2\\ModelBundle\\Entity\\Country','name','7','Angola'),(168,'es_ES','Proethos2\\ModelBundle\\Entity\\Country','name','8','Anguila'),(169,'es_ES','Proethos2\\ModelBundle\\Entity\\Country','name','9','Antártida'),(170,'es_ES','Proethos2\\ModelBundle\\Entity\\Country','name','10','Antigua y Barbuda'),(171,'es_ES','Proethos2\\ModelBundle\\Entity\\Country','name','11','Argentina'),(172,'es_ES','Proethos2\\ModelBundle\\Entity\\Country','name','12','Armenia'),(173,'es_ES','Proethos2\\ModelBundle\\Entity\\Country','name','13','Aruba'),(174,'es_ES','Proethos2\\ModelBundle\\Entity\\Country','name','14','Isla de la Ascensión'),(175,'es_ES','Proethos2\\ModelBundle\\Entity\\Country','name','15','Australia'),(176,'es_ES','Proethos2\\ModelBundle\\Entity\\Country','name','16','Austria'),(177,'es_ES','Proethos2\\ModelBundle\\Entity\\Country','name','17','Azerbaiyán'),(178,'es_ES','Proethos2\\ModelBundle\\Entity\\Country','name','18','Bahamas'),(179,'es_ES','Proethos2\\ModelBundle\\Entity\\Country','name','19','Baréin'),(180,'es_ES','Proethos2\\ModelBundle\\Entity\\Country','name','20','Bangladés'),(181,'es_ES','Proethos2\\ModelBundle\\Entity\\Country','name','21','Barbados'),(182,'es_ES','Proethos2\\ModelBundle\\Entity\\Country','name','22','Bielorrusia'),(183,'es_ES','Proethos2\\ModelBundle\\Entity\\Country','name','23','Bélgica'),(184,'es_ES','Proethos2\\ModelBundle\\Entity\\Country','name','24','Belice'),(185,'es_ES','Proethos2\\ModelBundle\\Entity\\Country','name','25','Benín'),(186,'es_ES','Proethos2\\ModelBundle\\Entity\\Country','name','26','Bermudas'),(187,'es_ES','Proethos2\\ModelBundle\\Entity\\Country','name','27','Bután'),(188,'es_ES','Proethos2\\ModelBundle\\Entity\\Country','name','28','Bolivia'),(189,'es_ES','Proethos2\\ModelBundle\\Entity\\Country','name','29','Bosnia-Herzegovina'),(190,'es_ES','Proethos2\\ModelBundle\\Entity\\Country','name','30','Botsuana'),(191,'es_ES','Proethos2\\ModelBundle\\Entity\\Country','name','31','Brasil'),(192,'es_ES','Proethos2\\ModelBundle\\Entity\\Country','name','32','Territorio Británico del Océano Índico'),(193,'es_ES','Proethos2\\ModelBundle\\Entity\\Country','name','33','Islas Vírgenes Británicas'),(194,'es_ES','Proethos2\\ModelBundle\\Entity\\Country','name','34','Brunéi'),(195,'es_ES','Proethos2\\ModelBundle\\Entity\\Country','name','35','Bulgaria'),(196,'es_ES','Proethos2\\ModelBundle\\Entity\\Country','name','36','Burkina Faso'),(197,'es_ES','Proethos2\\ModelBundle\\Entity\\Country','name','37','Burundi'),(198,'es_ES','Proethos2\\ModelBundle\\Entity\\Country','name','38','Camboya'),(199,'es_ES','Proethos2\\ModelBundle\\Entity\\Country','name','39','Camerún'),(200,'es_ES','Proethos2\\ModelBundle\\Entity\\Country','name','40','Canadá'),(201,'es_ES','Proethos2\\ModelBundle\\Entity\\Country','name','41','islas Canarias'),(202,'es_ES','Proethos2\\ModelBundle\\Entity\\Country','name','42','Cabo Verde'),(203,'es_ES','Proethos2\\ModelBundle\\Entity\\Country','name','43','Caribe neerlandés'),(204,'es_ES','Proethos2\\ModelBundle\\Entity\\Country','name','44','Islas Caimán'),(205,'es_ES','Proethos2\\ModelBundle\\Entity\\Country','name','45','República Centroafricana'),(206,'es_ES','Proethos2\\ModelBundle\\Entity\\Country','name','46','Ceuta y Melilla'),(207,'es_ES','Proethos2\\ModelBundle\\Entity\\Country','name','47','Chad'),(208,'es_ES','Proethos2\\ModelBundle\\Entity\\Country','name','48','Chile'),(209,'es_ES','Proethos2\\ModelBundle\\Entity\\Country','name','49','China'),(210,'es_ES','Proethos2\\ModelBundle\\Entity\\Country','name','50','Isla de Navidad (Christmas)'),(211,'es_ES','Proethos2\\ModelBundle\\Entity\\Country','name','51','Islas Cocos'),(212,'es_ES','Proethos2\\ModelBundle\\Entity\\Country','name','52','Colombia'),(213,'es_ES','Proethos2\\ModelBundle\\Entity\\Country','name','53','Comoras'),(214,'es_ES','Proethos2\\ModelBundle\\Entity\\Country','name','54','República del Congo'),(215,'es_ES','Proethos2\\ModelBundle\\Entity\\Country','name','55','República Democrática del Congo'),(216,'es_ES','Proethos2\\ModelBundle\\Entity\\Country','name','56','Islas Cook'),(217,'es_ES','Proethos2\\ModelBundle\\Entity\\Country','name','57','Costa Rica'),(218,'es_ES','Proethos2\\ModelBundle\\Entity\\Country','name','58','Costa de Marfil'),(219,'es_ES','Proethos2\\ModelBundle\\Entity\\Country','name','59','Croacia'),(220,'es_ES','Proethos2\\ModelBundle\\Entity\\Country','name','60','Cuba'),(221,'es_ES','Proethos2\\ModelBundle\\Entity\\Country','name','61','Curazao'),(222,'es_ES','Proethos2\\ModelBundle\\Entity\\Country','name','62','Chipre'),(223,'es_ES','Proethos2\\ModelBundle\\Entity\\Country','name','63','República Checa'),(224,'es_ES','Proethos2\\ModelBundle\\Entity\\Country','name','64','Dinamarca'),(225,'es_ES','Proethos2\\ModelBundle\\Entity\\Country','name','65','Diego García'),(226,'es_ES','Proethos2\\ModelBundle\\Entity\\Country','name','66','Yibuti'),(227,'es_ES','Proethos2\\ModelBundle\\Entity\\Country','name','67','Dominica'),(228,'es_ES','Proethos2\\ModelBundle\\Entity\\Country','name','68','República Dominicana'),(229,'es_ES','Proethos2\\ModelBundle\\Entity\\Country','name','69','Ecuador'),(230,'es_ES','Proethos2\\ModelBundle\\Entity\\Country','name','70','Egipto'),(231,'es_ES','Proethos2\\ModelBundle\\Entity\\Country','name','71','El Salvador'),(232,'es_ES','Proethos2\\ModelBundle\\Entity\\Country','name','72','Guinea Ecuatorial'),(233,'es_ES','Proethos2\\ModelBundle\\Entity\\Country','name','73','Eritrea'),(234,'es_ES','Proethos2\\ModelBundle\\Entity\\Country','name','74','Estonia'),(235,'es_ES','Proethos2\\ModelBundle\\Entity\\Country','name','75','Etiopía'),(236,'es_ES','Proethos2\\ModelBundle\\Entity\\Country','name','76','Islas Malvinas'),(237,'es_ES','Proethos2\\ModelBundle\\Entity\\Country','name','77','Islas Feroe'),(238,'es_ES','Proethos2\\ModelBundle\\Entity\\Country','name','78','Fiyi'),(239,'es_ES','Proethos2\\ModelBundle\\Entity\\Country','name','79','Finlandia'),(240,'es_ES','Proethos2\\ModelBundle\\Entity\\Country','name','80','Francia'),(241,'es_ES','Proethos2\\ModelBundle\\Entity\\Country','name','81','Guayana Francesa'),(242,'es_ES','Proethos2\\ModelBundle\\Entity\\Country','name','82','Polinesia Francesa'),(243,'es_ES','Proethos2\\ModelBundle\\Entity\\Country','name','83','Territorios Australes Franceses'),(244,'es_ES','Proethos2\\ModelBundle\\Entity\\Country','name','84','Gabón'),(245,'es_ES','Proethos2\\ModelBundle\\Entity\\Country','name','85','Gambia'),(246,'es_ES','Proethos2\\ModelBundle\\Entity\\Country','name','86','Georgia'),(247,'es_ES','Proethos2\\ModelBundle\\Entity\\Country','name','87','Alemania'),(248,'es_ES','Proethos2\\ModelBundle\\Entity\\Country','name','88','Ghana'),(249,'es_ES','Proethos2\\ModelBundle\\Entity\\Country','name','89','Gibraltar'),(250,'es_ES','Proethos2\\ModelBundle\\Entity\\Country','name','90','Grecia'),(251,'es_ES','Proethos2\\ModelBundle\\Entity\\Country','name','91','Groenlandia'),(252,'es_ES','Proethos2\\ModelBundle\\Entity\\Country','name','92','Granada'),(253,'es_ES','Proethos2\\ModelBundle\\Entity\\Country','name','93','Guadalupe'),(254,'es_ES','Proethos2\\ModelBundle\\Entity\\Country','name','94','Guam'),(255,'es_ES','Proethos2\\ModelBundle\\Entity\\Country','name','95','Guatemala'),(256,'es_ES','Proethos2\\ModelBundle\\Entity\\Country','name','96','Guernesey'),(257,'es_ES','Proethos2\\ModelBundle\\Entity\\Country','name','97','Guinea'),(258,'es_ES','Proethos2\\ModelBundle\\Entity\\Country','name','98','Guinea-Bisáu'),(259,'es_ES','Proethos2\\ModelBundle\\Entity\\Country','name','99','Guyana'),(260,'es_ES','Proethos2\\ModelBundle\\Entity\\Country','name','100','Haití'),(261,'es_ES','Proethos2\\ModelBundle\\Entity\\Country','name','101','Honduras'),(262,'es_ES','Proethos2\\ModelBundle\\Entity\\Country','name','102','RAE de Hong Kong (China)'),(263,'es_ES','Proethos2\\ModelBundle\\Entity\\Country','name','103','Hungría'),(264,'es_ES','Proethos2\\ModelBundle\\Entity\\Country','name','104','Islandia'),(265,'es_ES','Proethos2\\ModelBundle\\Entity\\Country','name','105','India'),(266,'es_ES','Proethos2\\ModelBundle\\Entity\\Country','name','106','Indonesia'),(267,'es_ES','Proethos2\\ModelBundle\\Entity\\Country','name','107','Irán'),(268,'es_ES','Proethos2\\ModelBundle\\Entity\\Country','name','108','Irak'),(269,'es_ES','Proethos2\\ModelBundle\\Entity\\Country','name','109','Irlanda'),(270,'es_ES','Proethos2\\ModelBundle\\Entity\\Country','name','110','Isla de Man'),(271,'es_ES','Proethos2\\ModelBundle\\Entity\\Country','name','111','Israel'),(272,'es_ES','Proethos2\\ModelBundle\\Entity\\Country','name','112','Italia'),(273,'es_ES','Proethos2\\ModelBundle\\Entity\\Country','name','113','Jamaica'),(274,'es_ES','Proethos2\\ModelBundle\\Entity\\Country','name','114','Japón'),(275,'es_ES','Proethos2\\ModelBundle\\Entity\\Country','name','115','Jersey'),(276,'es_ES','Proethos2\\ModelBundle\\Entity\\Country','name','116','Jordania'),(277,'es_ES','Proethos2\\ModelBundle\\Entity\\Country','name','117','Kazajistán'),(278,'es_ES','Proethos2\\ModelBundle\\Entity\\Country','name','118','Kenia'),(279,'es_ES','Proethos2\\ModelBundle\\Entity\\Country','name','119','Kiribati'),(280,'es_ES','Proethos2\\ModelBundle\\Entity\\Country','name','120','Kosovo'),(281,'es_ES','Proethos2\\ModelBundle\\Entity\\Country','name','121','Kuwait'),(282,'es_ES','Proethos2\\ModelBundle\\Entity\\Country','name','122','Kirguistán'),(283,'es_ES','Proethos2\\ModelBundle\\Entity\\Country','name','123','Laos'),(284,'es_ES','Proethos2\\ModelBundle\\Entity\\Country','name','124','Letonia'),(285,'es_ES','Proethos2\\ModelBundle\\Entity\\Country','name','125','Líbano'),(286,'es_ES','Proethos2\\ModelBundle\\Entity\\Country','name','126','Lesoto'),(287,'es_ES','Proethos2\\ModelBundle\\Entity\\Country','name','127','Liberia'),(288,'es_ES','Proethos2\\ModelBundle\\Entity\\Country','name','128','Libia'),(289,'es_ES','Proethos2\\ModelBundle\\Entity\\Country','name','129','Liechtenstein'),(290,'es_ES','Proethos2\\ModelBundle\\Entity\\Country','name','130','Lituania'),(291,'es_ES','Proethos2\\ModelBundle\\Entity\\Country','name','131','Luxemburgo'),(292,'es_ES','Proethos2\\ModelBundle\\Entity\\Country','name','132','RAE de Macao (China)'),(293,'es_ES','Proethos2\\ModelBundle\\Entity\\Country','name','133','Macedonia'),(294,'es_ES','Proethos2\\ModelBundle\\Entity\\Country','name','134','Madagascar'),(295,'es_ES','Proethos2\\ModelBundle\\Entity\\Country','name','135','Malaui'),(296,'es_ES','Proethos2\\ModelBundle\\Entity\\Country','name','136','Malasia'),(297,'es_ES','Proethos2\\ModelBundle\\Entity\\Country','name','137','Maldivas'),(298,'es_ES','Proethos2\\ModelBundle\\Entity\\Country','name','138','Mali'),(299,'es_ES','Proethos2\\ModelBundle\\Entity\\Country','name','139','Malta'),(300,'es_ES','Proethos2\\ModelBundle\\Entity\\Country','name','140','Islas Marshall'),(301,'es_ES','Proethos2\\ModelBundle\\Entity\\Country','name','141','Martinica'),(302,'es_ES','Proethos2\\ModelBundle\\Entity\\Country','name','142','Mauritania'),(303,'es_ES','Proethos2\\ModelBundle\\Entity\\Country','name','143','Mauricio'),(304,'es_ES','Proethos2\\ModelBundle\\Entity\\Country','name','144','Mayotte'),(305,'es_ES','Proethos2\\ModelBundle\\Entity\\Country','name','145','México'),(306,'es_ES','Proethos2\\ModelBundle\\Entity\\Country','name','146','Micronesia'),(307,'es_ES','Proethos2\\ModelBundle\\Entity\\Country','name','147','Moldavia'),(308,'es_ES','Proethos2\\ModelBundle\\Entity\\Country','name','148','Mónaco'),(309,'es_ES','Proethos2\\ModelBundle\\Entity\\Country','name','149','Mongolia'),(310,'es_ES','Proethos2\\ModelBundle\\Entity\\Country','name','150','Montenegro'),(311,'es_ES','Proethos2\\ModelBundle\\Entity\\Country','name','151','Montserrat'),(312,'es_ES','Proethos2\\ModelBundle\\Entity\\Country','name','152','Marruecos'),(313,'es_ES','Proethos2\\ModelBundle\\Entity\\Country','name','153','Mozambique'),(314,'es_ES','Proethos2\\ModelBundle\\Entity\\Country','name','154','Myanmar (Birmania)'),(315,'es_ES','Proethos2\\ModelBundle\\Entity\\Country','name','155','Namibia'),(316,'es_ES','Proethos2\\ModelBundle\\Entity\\Country','name','156','Nauru'),(317,'es_ES','Proethos2\\ModelBundle\\Entity\\Country','name','157','Nepal'),(318,'es_ES','Proethos2\\ModelBundle\\Entity\\Country','name','158','Países Bajos'),(319,'es_ES','Proethos2\\ModelBundle\\Entity\\Country','name','159','Nueva Caledonia'),(320,'es_ES','Proethos2\\ModelBundle\\Entity\\Country','name','160','Nueva Zelanda'),(321,'es_ES','Proethos2\\ModelBundle\\Entity\\Country','name','161','Nicaragua'),(322,'es_ES','Proethos2\\ModelBundle\\Entity\\Country','name','162','Níger'),(323,'es_ES','Proethos2\\ModelBundle\\Entity\\Country','name','163','Nigeria'),(324,'es_ES','Proethos2\\ModelBundle\\Entity\\Country','name','164','Niue'),(325,'es_ES','Proethos2\\ModelBundle\\Entity\\Country','name','165','Isla Norfolk'),(326,'es_ES','Proethos2\\ModelBundle\\Entity\\Country','name','166','Corea del Norte'),(327,'es_ES','Proethos2\\ModelBundle\\Entity\\Country','name','167','Islas Marianas del Norte'),(328,'es_ES','Proethos2\\ModelBundle\\Entity\\Country','name','168','Noruega'),(329,'es_ES','Proethos2\\ModelBundle\\Entity\\Country','name','169','Omán'),(330,'es_ES','Proethos2\\ModelBundle\\Entity\\Country','name','170','Pakistán'),(331,'es_ES','Proethos2\\ModelBundle\\Entity\\Country','name','171','Palau'),(332,'es_ES','Proethos2\\ModelBundle\\Entity\\Country','name','172','Territorios Palestinos'),(333,'es_ES','Proethos2\\ModelBundle\\Entity\\Country','name','173','Panamá'),(334,'es_ES','Proethos2\\ModelBundle\\Entity\\Country','name','174','Papúa Nueva Guinea'),(335,'es_ES','Proethos2\\ModelBundle\\Entity\\Country','name','175','Paraguay'),(336,'es_ES','Proethos2\\ModelBundle\\Entity\\Country','name','176','Perú'),(337,'es_ES','Proethos2\\ModelBundle\\Entity\\Country','name','177','Filipinas'),(338,'es_ES','Proethos2\\ModelBundle\\Entity\\Country','name','178','Islas Pitcairn'),(339,'es_ES','Proethos2\\ModelBundle\\Entity\\Country','name','179','Polonia'),(340,'es_ES','Proethos2\\ModelBundle\\Entity\\Country','name','180','Portugal'),(341,'es_ES','Proethos2\\ModelBundle\\Entity\\Country','name','181','Puerto Rico'),(342,'es_ES','Proethos2\\ModelBundle\\Entity\\Country','name','182','Catar'),(343,'es_ES','Proethos2\\ModelBundle\\Entity\\Country','name','183','Reunión'),(344,'es_ES','Proethos2\\ModelBundle\\Entity\\Country','name','184','Rumanía'),(345,'es_ES','Proethos2\\ModelBundle\\Entity\\Country','name','185','Rusia'),(346,'es_ES','Proethos2\\ModelBundle\\Entity\\Country','name','186','Ruanda'),(347,'es_ES','Proethos2\\ModelBundle\\Entity\\Country','name','187','Samoa'),(348,'es_ES','Proethos2\\ModelBundle\\Entity\\Country','name','188','San Marino'),(349,'es_ES','Proethos2\\ModelBundle\\Entity\\Country','name','189','Santo Tomé y Príncipe'),(350,'es_ES','Proethos2\\ModelBundle\\Entity\\Country','name','190','Arabia Saudí'),(351,'es_ES','Proethos2\\ModelBundle\\Entity\\Country','name','191','Senegal'),(352,'es_ES','Proethos2\\ModelBundle\\Entity\\Country','name','192','Serbia'),(353,'es_ES','Proethos2\\ModelBundle\\Entity\\Country','name','193','Seychelles'),(354,'es_ES','Proethos2\\ModelBundle\\Entity\\Country','name','194','Sierra Leona'),(355,'es_ES','Proethos2\\ModelBundle\\Entity\\Country','name','195','Singapur'),(356,'es_ES','Proethos2\\ModelBundle\\Entity\\Country','name','196','Sint Maarten'),(357,'es_ES','Proethos2\\ModelBundle\\Entity\\Country','name','197','Eslovaquia'),(358,'es_ES','Proethos2\\ModelBundle\\Entity\\Country','name','198','Eslovenia'),(359,'es_ES','Proethos2\\ModelBundle\\Entity\\Country','name','199','Islas Salomón'),(360,'es_ES','Proethos2\\ModelBundle\\Entity\\Country','name','200','Somalia'),(361,'es_ES','Proethos2\\ModelBundle\\Entity\\Country','name','201','Sudáfrica'),(362,'es_ES','Proethos2\\ModelBundle\\Entity\\Country','name','202','Islas Georgia del Sur y Sandwich del Sur'),(363,'es_ES','Proethos2\\ModelBundle\\Entity\\Country','name','203','Corea del Sur'),(364,'es_ES','Proethos2\\ModelBundle\\Entity\\Country','name','204','Sudán del Sur'),(365,'es_ES','Proethos2\\ModelBundle\\Entity\\Country','name','205','España'),(366,'es_ES','Proethos2\\ModelBundle\\Entity\\Country','name','206','Sri Lanka'),(367,'es_ES','Proethos2\\ModelBundle\\Entity\\Country','name','207','San Bartolomé'),(368,'es_ES','Proethos2\\ModelBundle\\Entity\\Country','name','208','Santa Elena'),(369,'es_ES','Proethos2\\ModelBundle\\Entity\\Country','name','209','San Cristóbal y Nieves'),(370,'es_ES','Proethos2\\ModelBundle\\Entity\\Country','name','210','Santa Lucía'),(371,'es_ES','Proethos2\\ModelBundle\\Entity\\Country','name','211','San Martín'),(372,'es_ES','Proethos2\\ModelBundle\\Entity\\Country','name','212','San Pedro y Miquelón'),(373,'es_ES','Proethos2\\ModelBundle\\Entity\\Country','name','213','San Vicente y las Granadinas'),(374,'es_ES','Proethos2\\ModelBundle\\Entity\\Country','name','214','Sudán'),(375,'es_ES','Proethos2\\ModelBundle\\Entity\\Country','name','215','Surinam'),(376,'es_ES','Proethos2\\ModelBundle\\Entity\\Country','name','216','Svalbard y Jan Mayen'),(377,'es_ES','Proethos2\\ModelBundle\\Entity\\Country','name','217','Suazilandia'),(378,'es_ES','Proethos2\\ModelBundle\\Entity\\Country','name','218','Suecia'),(379,'es_ES','Proethos2\\ModelBundle\\Entity\\Country','name','219','Suiza'),(380,'es_ES','Proethos2\\ModelBundle\\Entity\\Country','name','220','Siria'),(381,'es_ES','Proethos2\\ModelBundle\\Entity\\Country','name','221','Taiwán'),(382,'es_ES','Proethos2\\ModelBundle\\Entity\\Country','name','222','Tayikistán'),(383,'es_ES','Proethos2\\ModelBundle\\Entity\\Country','name','223','Tanzania'),(384,'es_ES','Proethos2\\ModelBundle\\Entity\\Country','name','224','Tailandia'),(385,'es_ES','Proethos2\\ModelBundle\\Entity\\Country','name','225','Timor Oriental'),(386,'es_ES','Proethos2\\ModelBundle\\Entity\\Country','name','226','Togo'),(387,'es_ES','Proethos2\\ModelBundle\\Entity\\Country','name','227','Tokelau'),(388,'es_ES','Proethos2\\ModelBundle\\Entity\\Country','name','228','Tonga'),(389,'es_ES','Proethos2\\ModelBundle\\Entity\\Country','name','229','Trinidad y Tobago'),(390,'es_ES','Proethos2\\ModelBundle\\Entity\\Country','name','230','Tristán da Cunha'),(391,'es_ES','Proethos2\\ModelBundle\\Entity\\Country','name','231','Túnez'),(392,'es_ES','Proethos2\\ModelBundle\\Entity\\Country','name','232','Turquía'),(393,'es_ES','Proethos2\\ModelBundle\\Entity\\Country','name','233','Turkmenistán'),(394,'es_ES','Proethos2\\ModelBundle\\Entity\\Country','name','234','Islas Turcas y Caicos'),(395,'es_ES','Proethos2\\ModelBundle\\Entity\\Country','name','235','Tuvalu'),(396,'es_ES','Proethos2\\ModelBundle\\Entity\\Country','name','236','Islas menores alejadas de EE. UU.'),(397,'es_ES','Proethos2\\ModelBundle\\Entity\\Country','name','237','Islas Vírgenes de EE. UU.'),(398,'es_ES','Proethos2\\ModelBundle\\Entity\\Country','name','238','Uganda'),(399,'es_ES','Proethos2\\ModelBundle\\Entity\\Country','name','239','Ucrania'),(400,'es_ES','Proethos2\\ModelBundle\\Entity\\Country','name','240','Emiratos Árabes Unidos'),(401,'es_ES','Proethos2\\ModelBundle\\Entity\\Country','name','241','Reino Unido'),(402,'es_ES','Proethos2\\ModelBundle\\Entity\\Country','name','242','Estados Unidos'),(403,'es_ES','Proethos2\\ModelBundle\\Entity\\Country','name','243','Uruguay'),(404,'es_ES','Proethos2\\ModelBundle\\Entity\\Country','name','244','Uzbekistán'),(405,'es_ES','Proethos2\\ModelBundle\\Entity\\Country','name','245','Vanuatu'),(406,'es_ES','Proethos2\\ModelBundle\\Entity\\Country','name','246','Ciudad del Vaticano'),(407,'es_ES','Proethos2\\ModelBundle\\Entity\\Country','name','247','Venezuela'),(408,'es_ES','Proethos2\\ModelBundle\\Entity\\Country','name','248','Vietnam'),(409,'es_ES','Proethos2\\ModelBundle\\Entity\\Country','name','249','Wallis y Futuna'),(410,'es_ES','Proethos2\\ModelBundle\\Entity\\Country','name','250','Sáhara Occidental'),(411,'es_ES','Proethos2\\ModelBundle\\Entity\\Country','name','251','Yemen'),(412,'es_ES','Proethos2\\ModelBundle\\Entity\\Country','name','252','Zambia'),(413,'es_ES','Proethos2\\ModelBundle\\Entity\\Country','name','253','Zimbabue'),(414,'es_ES','Proethos2\\ModelBundle\\Entity\\Country','name','254','French Guiana'),(415,'es_ES','Proethos2\\ModelBundle\\Entity\\Country','name','258','French Polynesia'),(416,'es_ES','Proethos2\\ModelBundle\\Entity\\Country','name','260','French Southern Territories'),(417,'es_ES','Proethos2\\ModelBundle\\Entity\\Country','name','262','Djibouti'),(418,'es_ES','Proethos2\\ModelBundle\\Entity\\Country','name','266','Gabon'),(419,'es_ES','Proethos2\\ModelBundle\\Entity\\Country','name','268','Georgia'),(420,'es_ES','Proethos2\\ModelBundle\\Entity\\Country','name','270','Gambia'),(421,'es_ES','Proethos2\\ModelBundle\\Entity\\Country','name','275','Palestine, State of'),(422,'es_ES','Proethos2\\ModelBundle\\Entity\\Country','name','276','Germany'),(423,'es_ES','Proethos2\\ModelBundle\\Entity\\Country','name','288','Ghana'),(424,'es_ES','Proethos2\\ModelBundle\\Entity\\Country','name','292','Gibraltar'),(425,'es_ES','Proethos2\\ModelBundle\\Entity\\Country','name','296','Kiribati'),(426,'es_ES','Proethos2\\ModelBundle\\Entity\\Country','name','300','Greece'),(427,'es_ES','Proethos2\\ModelBundle\\Entity\\Country','name','304','Greenland'),(428,'es_ES','Proethos2\\ModelBundle\\Entity\\Country','name','308','Grenada'),(429,'es_ES','Proethos2\\ModelBundle\\Entity\\Country','name','312','Guadeloupe'),(430,'es_ES','Proethos2\\ModelBundle\\Entity\\Country','name','316','Guam'),(431,'es_ES','Proethos2\\ModelBundle\\Entity\\Country','name','320','Guatemala'),(432,'es_ES','Proethos2\\ModelBundle\\Entity\\Country','name','324','Guinea'),(433,'es_ES','Proethos2\\ModelBundle\\Entity\\Country','name','328','Guyana'),(434,'es_ES','Proethos2\\ModelBundle\\Entity\\Country','name','332','Haiti'),(435,'es_ES','Proethos2\\ModelBundle\\Entity\\Country','name','334','Heard Island and McDonald Islands'),(436,'es_ES','Proethos2\\ModelBundle\\Entity\\Country','name','336','Holy See'),(437,'es_ES','Proethos2\\ModelBundle\\Entity\\Country','name','340','Honduras'),(438,'es_ES','Proethos2\\ModelBundle\\Entity\\Country','name','344','Hong Kong'),(439,'es_ES','Proethos2\\ModelBundle\\Entity\\Country','name','348','Hungary'),(440,'es_ES','Proethos2\\ModelBundle\\Entity\\Country','name','352','Iceland'),(441,'es_ES','Proethos2\\ModelBundle\\Entity\\Country','name','356','India'),(442,'es_ES','Proethos2\\ModelBundle\\Entity\\Country','name','360','Indonesia'),(443,'es_ES','Proethos2\\ModelBundle\\Entity\\Country','name','364','Iran (Islamic Republic of)'),(444,'es_ES','Proethos2\\ModelBundle\\Entity\\Country','name','368','Iraq'),(445,'es_ES','Proethos2\\ModelBundle\\Entity\\Country','name','372','Ireland'),(446,'es_ES','Proethos2\\ModelBundle\\Entity\\Country','name','376','Israel'),(447,'es_ES','Proethos2\\ModelBundle\\Entity\\Country','name','380','Italy'),(448,'es_ES','Proethos2\\ModelBundle\\Entity\\Country','name','384','Côte d\'Ivoire'),(449,'es_ES','Proethos2\\ModelBundle\\Entity\\Country','name','388','Jamaica'),(450,'es_ES','Proethos2\\ModelBundle\\Entity\\Country','name','392','Japan'),(451,'es_ES','Proethos2\\ModelBundle\\Entity\\Country','name','398','Kazakhstan'),(452,'es_ES','Proethos2\\ModelBundle\\Entity\\Country','name','400','Jordan'),(453,'es_ES','Proethos2\\ModelBundle\\Entity\\Country','name','404','Kenya'),(454,'es_ES','Proethos2\\ModelBundle\\Entity\\Country','name','408','Korea (Democratic People\'s Republic of)'),(455,'es_ES','Proethos2\\ModelBundle\\Entity\\Country','name','410','Korea (Republic of)'),(456,'es_ES','Proethos2\\ModelBundle\\Entity\\Country','name','414','Kuwait'),(457,'es_ES','Proethos2\\ModelBundle\\Entity\\Country','name','417','Kyrgyzstan'),(458,'es_ES','Proethos2\\ModelBundle\\Entity\\Country','name','418','Lao People\'s Democratic Republic'),(459,'es_ES','Proethos2\\ModelBundle\\Entity\\Country','name','422','Lebanon'),(460,'es_ES','Proethos2\\ModelBundle\\Entity\\Country','name','426','Lesotho'),(461,'es_ES','Proethos2\\ModelBundle\\Entity\\Country','name','428','Latvia'),(462,'es_ES','Proethos2\\ModelBundle\\Entity\\Country','name','430','Liberia'),(463,'es_ES','Proethos2\\ModelBundle\\Entity\\Country','name','434','Libya'),(464,'es_ES','Proethos2\\ModelBundle\\Entity\\Country','name','438','Liechtenstein'),(465,'es_ES','Proethos2\\ModelBundle\\Entity\\Country','name','440','Lithuania'),(466,'es_ES','Proethos2\\ModelBundle\\Entity\\Country','name','442','Luxembourg'),(467,'es_ES','Proethos2\\ModelBundle\\Entity\\Country','name','446','Macao'),(468,'es_ES','Proethos2\\ModelBundle\\Entity\\Country','name','450','Madagascar'),(469,'es_ES','Proethos2\\ModelBundle\\Entity\\Country','name','454','Malawi'),(470,'es_ES','Proethos2\\ModelBundle\\Entity\\Country','name','458','Malaysia'),(471,'es_ES','Proethos2\\ModelBundle\\Entity\\Country','name','462','Maldives'),(472,'es_ES','Proethos2\\ModelBundle\\Entity\\Country','name','466','Mali'),(473,'es_ES','Proethos2\\ModelBundle\\Entity\\Country','name','470','Malta'),(474,'es_ES','Proethos2\\ModelBundle\\Entity\\Country','name','474','Martinique'),(475,'es_ES','Proethos2\\ModelBundle\\Entity\\Country','name','478','Mauritania'),(476,'es_ES','Proethos2\\ModelBundle\\Entity\\Country','name','480','Mauritius'),(477,'es_ES','Proethos2\\ModelBundle\\Entity\\Country','name','484','Mexico'),(478,'es_ES','Proethos2\\ModelBundle\\Entity\\Country','name','492','Monaco'),(479,'es_ES','Proethos2\\ModelBundle\\Entity\\Country','name','496','Mongolia'),(480,'es_ES','Proethos2\\ModelBundle\\Entity\\Country','name','498','Moldova (Republic of)'),(481,'es_ES','Proethos2\\ModelBundle\\Entity\\Country','name','499','Montenegro'),(482,'es_ES','Proethos2\\ModelBundle\\Entity\\Country','name','500','Montserrat'),(483,'es_ES','Proethos2\\ModelBundle\\Entity\\Country','name','504','Morocco'),(484,'es_ES','Proethos2\\ModelBundle\\Entity\\Country','name','508','Mozambique'),(485,'es_ES','Proethos2\\ModelBundle\\Entity\\Country','name','512','Oman'),(486,'es_ES','Proethos2\\ModelBundle\\Entity\\Country','name','516','Namibia'),(487,'es_ES','Proethos2\\ModelBundle\\Entity\\Country','name','520','Nauru'),(488,'es_ES','Proethos2\\ModelBundle\\Entity\\Country','name','524','Nepal'),(489,'es_ES','Proethos2\\ModelBundle\\Entity\\Country','name','528','Netherlands'),(490,'es_ES','Proethos2\\ModelBundle\\Entity\\Country','name','531','Curaçao'),(491,'es_ES','Proethos2\\ModelBundle\\Entity\\Country','name','533','Aruba'),(492,'es_ES','Proethos2\\ModelBundle\\Entity\\Country','name','534','Sint Maarten (Dutch part)'),(493,'es_ES','Proethos2\\ModelBundle\\Entity\\Country','name','535','Bonaire, Sint Eustatius and Saba'),(494,'es_ES','Proethos2\\ModelBundle\\Entity\\Country','name','540','New Caledonia'),(495,'es_ES','Proethos2\\ModelBundle\\Entity\\Country','name','548','Vanuatu'),(496,'es_ES','Proethos2\\ModelBundle\\Entity\\Country','name','554','New Zealand'),(497,'es_ES','Proethos2\\ModelBundle\\Entity\\Country','name','558','Nicaragua'),(498,'es_ES','Proethos2\\ModelBundle\\Entity\\Country','name','562','Niger'),(499,'es_ES','Proethos2\\ModelBundle\\Entity\\Country','name','566','Nigeria'),(500,'es_ES','Proethos2\\ModelBundle\\Entity\\Country','name','570','Niue'),(501,'es_ES','Proethos2\\ModelBundle\\Entity\\Country','name','574','Norfolk Island'),(502,'es_ES','Proethos2\\ModelBundle\\Entity\\Country','name','578','Norway'),(503,'es_ES','Proethos2\\ModelBundle\\Entity\\Country','name','580','Northern Mariana Islands'),(504,'es_ES','Proethos2\\ModelBundle\\Entity\\Country','name','581','United States Minor Outlying Islands'),(505,'es_ES','Proethos2\\ModelBundle\\Entity\\Country','name','583','Micronesia (Federated States of)'),(506,'es_ES','Proethos2\\ModelBundle\\Entity\\Country','name','584','Marshall Islands'),(507,'es_ES','Proethos2\\ModelBundle\\Entity\\Country','name','585','Palau'),(508,'es_ES','Proethos2\\ModelBundle\\Entity\\Country','name','586','Pakistan'),(509,'es_ES','Proethos2\\ModelBundle\\Entity\\Country','name','591','Panama'),(510,'es_ES','Proethos2\\ModelBundle\\Entity\\Country','name','598','Papua New Guinea'),(511,'es_ES','Proethos2\\ModelBundle\\Entity\\Country','name','600','Paraguay'),(512,'es_ES','Proethos2\\ModelBundle\\Entity\\Country','name','604','Peru'),(513,'es_ES','Proethos2\\ModelBundle\\Entity\\Country','name','608','Philippines'),(514,'es_ES','Proethos2\\ModelBundle\\Entity\\Country','name','612','Pitcairn'),(515,'es_ES','Proethos2\\ModelBundle\\Entity\\Country','name','616','Poland'),(516,'es_ES','Proethos2\\ModelBundle\\Entity\\Country','name','620','Portugal'),(517,'es_ES','Proethos2\\ModelBundle\\Entity\\Country','name','624','Guinea-Bissau'),(518,'es_ES','Proethos2\\ModelBundle\\Entity\\Country','name','626','Timor-Leste'),(519,'es_ES','Proethos2\\ModelBundle\\Entity\\Country','name','630','Puerto Rico'),(520,'es_ES','Proethos2\\ModelBundle\\Entity\\Country','name','634','Qatar'),(521,'es_ES','Proethos2\\ModelBundle\\Entity\\Country','name','638','Réunion'),(522,'es_ES','Proethos2\\ModelBundle\\Entity\\Country','name','642','Romania'),(523,'es_ES','Proethos2\\ModelBundle\\Entity\\Country','name','643','Russian Federation'),(524,'es_ES','Proethos2\\ModelBundle\\Entity\\Country','name','646','Rwanda'),(525,'es_ES','Proethos2\\ModelBundle\\Entity\\Country','name','652','Saint Barthélemy'),(526,'es_ES','Proethos2\\ModelBundle\\Entity\\Country','name','654','Saint Helena, Ascension and Tristan da Cunha'),(527,'es_ES','Proethos2\\ModelBundle\\Entity\\Country','name','659','Saint Kitts and Nevis'),(528,'es_ES','Proethos2\\ModelBundle\\Entity\\Country','name','660','Anguilla'),(529,'es_ES','Proethos2\\ModelBundle\\Entity\\Country','name','662','Saint Lucia'),(530,'es_ES','Proethos2\\ModelBundle\\Entity\\Country','name','663','Saint Martin (French part)'),(531,'es_ES','Proethos2\\ModelBundle\\Entity\\Country','name','666','Saint Pierre and Miquelon'),(532,'es_ES','Proethos2\\ModelBundle\\Entity\\Country','name','670','Saint Vincent and the Grenadines'),(533,'es_ES','Proethos2\\ModelBundle\\Entity\\Country','name','674','San Marino'),(534,'es_ES','Proethos2\\ModelBundle\\Entity\\Country','name','678','Sao Tome and Principe'),(535,'es_ES','Proethos2\\ModelBundle\\Entity\\Country','name','682','Saudi Arabia'),(536,'es_ES','Proethos2\\ModelBundle\\Entity\\Country','name','686','Senegal'),(537,'es_ES','Proethos2\\ModelBundle\\Entity\\Country','name','688','Serbia'),(538,'es_ES','Proethos2\\ModelBundle\\Entity\\Country','name','690','Seychelles'),(539,'es_ES','Proethos2\\ModelBundle\\Entity\\Country','name','694','Sierra Leone'),(540,'es_ES','Proethos2\\ModelBundle\\Entity\\Country','name','702','Singapore'),(541,'es_ES','Proethos2\\ModelBundle\\Entity\\Country','name','703','Slovakia'),(542,'es_ES','Proethos2\\ModelBundle\\Entity\\Country','name','704','Viet Nam'),(543,'es_ES','Proethos2\\ModelBundle\\Entity\\Country','name','705','Slovenia'),(544,'es_ES','Proethos2\\ModelBundle\\Entity\\Country','name','706','Somalia'),(545,'es_ES','Proethos2\\ModelBundle\\Entity\\Country','name','710','South Africa'),(546,'es_ES','Proethos2\\ModelBundle\\Entity\\Country','name','716','Zimbabwe'),(547,'es_ES','Proethos2\\ModelBundle\\Entity\\Country','name','724','Spain'),(548,'es_ES','Proethos2\\ModelBundle\\Entity\\Country','name','728','South Sudan'),(549,'es_ES','Proethos2\\ModelBundle\\Entity\\Country','name','729','Sudan'),(550,'es_ES','Proethos2\\ModelBundle\\Entity\\Country','name','732','Western Sahara'),(551,'es_ES','Proethos2\\ModelBundle\\Entity\\Country','name','740','Suriname'),(552,'es_ES','Proethos2\\ModelBundle\\Entity\\Country','name','744','Svalbard and Jan Mayen'),(553,'es_ES','Proethos2\\ModelBundle\\Entity\\Country','name','748','Swaziland'),(554,'es_ES','Proethos2\\ModelBundle\\Entity\\Country','name','752','Sweden'),(555,'es_ES','Proethos2\\ModelBundle\\Entity\\Country','name','756','Switzerland'),(556,'es_ES','Proethos2\\ModelBundle\\Entity\\Country','name','760','Syrian Arab Republic'),(557,'es_ES','Proethos2\\ModelBundle\\Entity\\Country','name','762','Tajikistan'),(558,'es_ES','Proethos2\\ModelBundle\\Entity\\Country','name','764','Thailand'),(559,'es_ES','Proethos2\\ModelBundle\\Entity\\Country','name','768','Togo'),(560,'es_ES','Proethos2\\ModelBundle\\Entity\\Country','name','772','Tokelau'),(561,'es_ES','Proethos2\\ModelBundle\\Entity\\Country','name','776','Tonga'),(562,'es_ES','Proethos2\\ModelBundle\\Entity\\Country','name','780','Trinidad and Tobago'),(563,'es_ES','Proethos2\\ModelBundle\\Entity\\Country','name','784','United Arab Emirates'),(564,'es_ES','Proethos2\\ModelBundle\\Entity\\Country','name','788','Tunisia'),(565,'es_ES','Proethos2\\ModelBundle\\Entity\\Country','name','792','Turkey'),(566,'es_ES','Proethos2\\ModelBundle\\Entity\\Country','name','795','Turkmenistan'),(567,'es_ES','Proethos2\\ModelBundle\\Entity\\Country','name','796','Turks and Caicos Islands'),(568,'es_ES','Proethos2\\ModelBundle\\Entity\\Country','name','798','Tuvalu'),(569,'es_ES','Proethos2\\ModelBundle\\Entity\\Country','name','800','Uganda'),(570,'es_ES','Proethos2\\ModelBundle\\Entity\\Country','name','804','Ukraine'),(571,'es_ES','Proethos2\\ModelBundle\\Entity\\Country','name','807','Macedonia (the former Yugoslav Republic of)'),(572,'es_ES','Proethos2\\ModelBundle\\Entity\\Country','name','818','Egypt'),(573,'es_ES','Proethos2\\ModelBundle\\Entity\\Country','name','826','United Kingdom of Great Britain and Northern Ireland'),(574,'es_ES','Proethos2\\ModelBundle\\Entity\\Country','name','831','Guernsey'),(575,'es_ES','Proethos2\\ModelBundle\\Entity\\Country','name','832','Jersey'),(576,'es_ES','Proethos2\\ModelBundle\\Entity\\Country','name','833','Isle of Man'),(577,'es_ES','Proethos2\\ModelBundle\\Entity\\Country','name','834','Tanzania, United Republic of'),(578,'es_ES','Proethos2\\ModelBundle\\Entity\\Country','name','840','Estados Unidos'),(579,'es_ES','Proethos2\\ModelBundle\\Entity\\Country','name','850','Virgin Islands (U.S.)'),(580,'es_ES','Proethos2\\ModelBundle\\Entity\\Country','name','854','Burkina Faso'),(581,'es_ES','Proethos2\\ModelBundle\\Entity\\Country','name','858','Uruguay'),(582,'es_ES','Proethos2\\ModelBundle\\Entity\\Country','name','860','Uzbekistan'),(583,'es_ES','Proethos2\\ModelBundle\\Entity\\Country','name','862','Venezuela (Bolivarian Republic of)'),(584,'es_ES','Proethos2\\ModelBundle\\Entity\\Country','name','876','Wallis and Futuna'),(585,'es_ES','Proethos2\\ModelBundle\\Entity\\Country','name','882','Samoa'),(586,'es_ES','Proethos2\\ModelBundle\\Entity\\Country','name','887','Yemen'),(587,'es_ES','Proethos2\\ModelBundle\\Entity\\Country','name','894','Zambia'),(588,'es_ES','Proethos2\\ModelBundle\\Entity\\Gender','name','1','N/A'),(589,'es_ES','Proethos2\\ModelBundle\\Entity\\Gender','name','2','Hombre'),(590,'es_ES','Proethos2\\ModelBundle\\Entity\\Gender','name','3','Mujer'),(591,'es_ES','Proethos2\\ModelBundle\\Entity\\Gender','name','4','Ambos'),(592,'es_ES','Proethos2\\ModelBundle\\Entity\\MonitoringAction','name','1','Presentar una enmienda'),(593,'es_ES','Proethos2\\ModelBundle\\Entity\\MonitoringAction','name','2','Reporte de evento adverso'),(594,'es_ES','Proethos2\\ModelBundle\\Entity\\MonitoringAction','name','3','Finalización del estudio'),(595,'es_ES','Proethos2\\ModelBundle\\Entity\\MonitoringAction','name','4','Reporte de seguimiento'),(596,'es_ES','Proethos2\\ModelBundle\\Entity\\MonitoringAction','name','5','Suspensión del estudio'),(597,'es_ES','Proethos2\\ModelBundle\\Entity\\MonitoringAction','name','6','Presentar otros documentos'),(598,'es_ES','Proethos2\\ModelBundle\\Entity\\MonitoringAction','name','7','Solicitar extensión de la aprobación'),(599,'es_ES','Proethos2\\ModelBundle\\Entity\\MonitoringAction','name','8','Cancelación del estudio'),(600,'es_ES','Proethos2\\ModelBundle\\Entity\\RecruitmentStatus','name','1','Reclutando'),(601,'es_ES','Proethos2\\ModelBundle\\Entity\\RecruitmentStatus','name','2','Suspendido'),(602,'es_ES','Proethos2\\ModelBundle\\Entity\\RecruitmentStatus','name','3','Completado'),(603,'es_ES','Proethos2\\ModelBundle\\Entity\\RecruitmentStatus','name','4','Otro'),(604,'es_ES','Proethos2\\ModelBundle\\Entity\\RecruitmentStatus','name','8','Pendiente'),(605,'es_ES','Proethos2\\ModelBundle\\Entity\\UploadType','name','1','Protocolo'),(606,'es_ES','Proethos2\\ModelBundle\\Entity\\UploadType','name','2','Otros'),(607,'es_ES','Proethos2\\ModelBundle\\Entity\\UploadType','name','3','Decisión'),(608,'es_ES','Proethos2\\ModelBundle\\Entity\\UploadType','name','11','Autorización institucional'),(609,'es_ES','Proethos2\\ModelBundle\\Entity\\UploadType','name','27','Apoyo científico'),(610,'es_ES','Proethos2\\ModelBundle\\Entity\\UploadType','name','28','Bibliografía'),(611,'es_ES','Proethos2\\ModelBundle\\Entity\\UploadType','name','29','Cuestionario'),(612,'es_ES','Proethos2\\ModelBundle\\Entity\\UploadType','name','30','Opinión'),(613,'es_ES','Proethos2\\ModelBundle\\Entity\\UploadType','name','31','Decisión emitida por otro comité'),(614,'es_ES','Proethos2\\ModelBundle\\Entity\\UploadType','name','32','Encuesta'),(615,'es_ES','Proethos2\\ModelBundle\\Entity\\UploadType','name','33','Justificación de dispensa del consentimiento'),(616,'es_ES','Proethos2\\ModelBundle\\Entity\\UploadType','name','34','Material de reclutamiento/información del participante'),(617,'es_ES','Proethos2\\ModelBundle\\Entity\\UploadType','name','35','Póliza de seguro'),(618,'es_ES','Proethos2\\ModelBundle\\Entity\\UploadType','name','36','Estimación'),(619,'es_ES','Proethos2\\ModelBundle\\Entity\\UploadType','name','37','Protocolo con animales'),(620,'es_ES','Proethos2\\ModelBundle\\Entity\\UploadType','name','38','Reporte de evento adverso'),(621,'es_ES','Proethos2\\ModelBundle\\Entity\\UploadType','name','39','Resumen ejecutivo'),(622,'es_ES','Proethos2\\ModelBundle\\Entity\\UploadType','name','40','Consentimiento informado'),(623,'es_ES','Proethos2\\ModelBundle\\Entity\\UploadType','name','41','Protocolo'),(624,'es_ES','Proethos2\\ModelBundle\\Entity\\UploadType','name','42','Opinión'),(625,'es_ES','Proethos2\\ModelBundle\\Entity\\Faq','question','1','¿Qué está sujeto a revisión ética?'),(626,'es_ES','Proethos2\\ModelBundle\\Entity\\Faq','answer','1','<p>Toda\ninvestigación con seres humanos debe obtener aprobación ética por parte de un\ncomité de revisión ética antes de iniciarse. Para constituir investigación con\nseres humanos la propuesta debe ser una investigación y debe obtener\ninformación de personas.</p>\n\n<p>La investigación\nse define como la actividad de ciencias sociales, biomédicas, del\ncomportamiento o epidemiológica que implica recabar o analizar datos\nsistemáticamente con el objetivo de desarrollar conocimiento generalizable. Se\ndefine a seres humanos como personas que que (i) se vuelven identificables\nindividualmente por la recolección, preparación o uso de material biológico o\nrecords médicos o de otro tipo, o (ii) están expuestos a la manipulación,\nintervención, observación u otra interacción con los investigadores\ndirectamente o por medio de la alteración de su entorno.</p>\n\n<p>La investigación\ncon seres humanos incluye estudios que usan tejidos, muestras, datos u otros\nrecords de personas, así como estudios que involucran la conducción de\nentrevistas, grupos focales o encuestas, o la observación del comportamiento\nprivado.</p>\n\n<p>Las actividades\nque no constituyen investigación con seres humanos están exentas de revisión\nética. Estas pueden ser actividades que no buscan la producción de conocimiento\ngeneralizable o no involucran a seres humanos en las maneras descritas. Por\nejemplo, las siguientes actividades no constituyen investigación con seres\nhumanos y están por ello exentas de revisión ética:</p>\n\n<ul><li>Estudios que\nutilizan datos que están disponibles públicamente o son generados por la\nobservación de comportamiento público.</li></ul>\n\n<ul><li>Estudios que\nusan datos, muestras o tejidos ya existentes (previamente obtenido por otros)\nque son recibidos por los investigadores de manera tal que la identidad de los\nindividuos no puede ser establecida.</li></ul>\n\n<ul><li>Actividades de\nsalud pública llevadas a cabo por la autoridad reconocida de salud pública con\nel objetivo de prevenir o controlar una enfermedad o daño, incluidas\nactividades de vigilancia que buscan solo identificar o controlar un problema\nde salud. Estas son actividades que buscan el beneficio de los participantes o\nlas comunidades de los participantes, y no buscan generar conocimiento que es\naplicable a otras poblaciones.</li></ul>\n\n<ul><li>Actividades de\ncontrol de calidad o evaluaciones de programas que buscan mejorar el programa\nen cuestión y sin intención de producir conocimiento generalizable.</li></ul>\n\n<p>Hay proyectos que\npueden tener múltiples componentes, algunos de los cuales pueden constituir\ninvestigación con seres humanos mientras que otros pueden no serlo. El\ncomponente que constituye investigación con seres humanos debe pasar por\nrevisión ética. La determinación de si una propuesta no está exenta de revisión\nética la debe hacer una parte independiente, como un comité de revisión ética.</p>'),(627,'es_ES','Proethos2\\ModelBundle\\Entity\\Faq','question','2','¿Qué pautas éticas internacionales gobiernan la investigación con humanos?'),(628,'es_ES','Proethos2\\ModelBundle\\Entity\\Faq','answer','2','<ul><li>Declaración de\nHelsinki de la Asociación Médica Mundial (revisión del 2013): <a href=\"http://www.iacs.aragon.es/econocimiento/documentos/ceica/2013-declaracion-helsinki-brasil.pdf\" rel=\"nofollow\" target=\"_blank\">http://www.iacs.aragon.es/econocimiento/documentos/ceica/2013-declaracion-helsinki-brasil.pdf</a>\n</li></ul>\n\n<ul><li>Pautas éticas\ninternacionales para la investigación biomédica en seres humanos del Consejo de\nOrganizaciones Internacionales de las Ciencias Médicas (CIOMS): <a href=\"http://www.cioms.ch/publications/guidelines/pautas_eticas_internacionales.htm\" rel=\"nofollow\" target=\"_blank\">http://www.cioms.ch/publications/guidelines/pautas_eticas_internacionales.htm</a>\n</li></ul>\n\n<ul><li>Pautas\ninternacionales para la evaluación ética de los estudios epidemiológicos del\nCIOMS: <a href=\"http://www.ms.gba.gov.ar/sitios/ccis/files/2012/08/PAUTASINTERNACIONALESEVALUACIONETICAESTUDIOSEPIDEMIOLOGICOS1991.pdf\" rel=\"nofollow\" target=\"_blank\">http://www.ms.gba.gov.ar/sitios/ccis/files/2012/08/PAUTASINTERNACIONALESEVALUACIONETICAESTUDIOSEPIDEMIOLOGICOS1991.pdf</a>\n</li></ul>'),(629,'es_ES','Proethos2\\ModelBundle\\Entity\\Faq','question','3','¿Cuáles son los estándares de cada país para la investigación con seres humanos?'),(630,'es_ES','Proethos2\\ModelBundle\\Entity\\Faq','answer','3','<ul><li>Compilación\ninternacional de estándares para la investigación con seres humanos (edición\ndel 2015): <a href=\"http://www.hhs.gov/ohrp/international/index.html\" rel=\"nofollow\" target=\"_blank\">http://www.hhs.gov/ohrp/international/index.html</a></li></ul>'),(631,'es_ES','Proethos2\\ModelBundle\\Entity\\Faq','question','4','¿Cómo debe funcionar un comité de revisión ética de la investigación con seres humanos?'),(632,'es_ES','Proethos2\\ModelBundle\\Entity\\Faq','answer','4','Pautas\ny orientación operativa para la revisión ética de la investigación en salud con\nseres humanos publicadas por OPS/OMS: <a href=\"http://www.paho.org/hq/index.php?option=com_docman&amp;task=doc_view&amp;Itemid=270&amp;gid=22738&amp;lang=es\" rel=\"nofollow\" target=\"_blank\">http://www.paho.org/hq/index.php?option=com_docman&amp;task=doc_view&amp;Itemid=270&amp;gid=22738&amp;lang=es</a> <br>'),(633,'es_ES','Proethos2\\ModelBundle\\Entity\\Faq','question','5','¿Qué preguntas deben guiar la revisión ética de la investigación con seres humanos?'),(634,'es_ES','Proethos2\\ModelBundle\\Entity\\Faq','answer','5','<ul><li>Valor social:\n¿Puede el estudio llevar a mejoras en la salud o el bienestar? ¿Cuál es el\nvalor potencial de la investigación para cada uno de los posibles\nbeneficiarios?</li></ul><ul><li>Validez\ncientífica: ¿Es la investigación metodológicamente válida y científica (y\nestadísticamente) sólida? ¿Va el estudio a generar datos válidos y confiables\nque puedan ser generalizables? ¿Es viable? ¿Permite el diseño del estudio dar a\nlos participantes aquellos servicios de salud que les corresponden? Si no es el\ncaso, ¿hay razones metodológicas poderosas para no hacerlo y se protege a los\nparticipantes de daños serios?</li></ul>\n\n<ul><li>Selección justa\nde participantes: ¿Cuáles son los criterios para incluir y excluir participantes?\n¿Se basa la selección en criterios científicos? ¿Se selecciona a participantes\nde manera que se minimicen los riesgos y se maximicen los beneficios\npotenciales? Si los participantes son vulnerables, ¿hay salvaguardas para\nprotegerlos? ¿Se distribuyen los riesgos y potenciales beneficios del estudio\nde manera equitativa?</li></ul>\n\n<ul><li>Balance favorable\nde riesgos y beneficios: ¿Pueden minimizarse los riesgos para los\nparticipantes? ¿Pueden mejorarse los beneficios potenciales para los individuos\ny la sociedad? ¿Son los beneficios potenciales para la sociedad y los\nindividuos superiores a los riesgos?</li></ul>\n\n<ul><li>Consentimiento\ninformado: ¿Se da a los potenciales participantes la información acertada,\nclara, relevante y completa? ¿Son los procedimientos de reclutamiento, el proceso\nde consentimiento y los incentivos apropiados para la cultura y el contexto?\n¿Hay un plan apropiado para obtener la autorización de quienes no pueden\nconsentir por si mismos? ¿Se aclara a los participantes que tienen derecho a no\nparticipar? ¿Son libres de no participar?</li></ul>\n\n<ul><li>Respeto por los\nparticipantes: ¿Cómo se va a monitorear la salud y el bienestar de los\nparticipantes para minimizar daños? ¿Cómo se va a proteger su privacidad?\n¿Pueden retirarse del estudio sin represalias? ¿Cuáles son los planes de atención\nluego de terminado el estudio? ¿Se les va a dar a los participantes cualquier\nnueva información (incluidos los resultados del estudio)?</li></ul>\n\n<p>(Adaptado de (1) Emanuel E, Wendler D, Grady C. An ethical\nframework for biomedical research. In: Emanuel E et al. eds. The Oxford\ntextbook of clinical research ethics. New York, NY: Oxford University Press;\n2008: 123-135. (2) Emanuel E, Wendler D, Grady C. What makes clinical research\nethical? JAMA 2000;283:2701-27711. (3) Emanuel E, Wendler D, Killen J, Grady C.\nWhat makes clinical research in developing countries ethical? The benchmarks of\nethical research. JID 2004;189:930-937.)</p>\n\n<br><br><br><br>'),(635,'pt_BR','Proethos2\\ModelBundle\\Entity\\Help','message','1','Breve resumo do protocolo '),(636,'pt_BR','Proethos2\\ModelBundle\\Entity\\Help','message','2','Palavras-chave referentes ao protocolo, separado por vírgulas'),(637,'pt_BR','Proethos2\\ModelBundle\\Entity\\Help','message','3','Informações de introdução do protocolo '),(638,'pt_BR','Proethos2\\ModelBundle\\Entity\\Help','message','4','Justificação do estudo '),(639,'pt_BR','Proethos2\\ModelBundle\\Entity\\Help','message','5','Objetivos do estudo '),(640,'pt_BR','Proethos2\\ModelBundle\\Entity\\Help','message','13','E esta apresentação de um ensaio clínico? '),(641,'pt_BR','Proethos2\\ModelBundle\\Entity\\Help','message','14','Título científico do protocolo'),(642,'pt_BR','Proethos2\\ModelBundle\\Entity\\Help','message','15','Título público do protocolo'),(643,'pt_BR','Proethos2\\ModelBundle\\Entity\\Help','message','16','Este protocolo tem um acrônimo?'),(644,'pt_BR','Proethos2\\ModelBundle\\Entity\\Help','message','56','Pesquisar por um usuário por nome ou endereço de e-mail'),(645,'pt_BR','Proethos2\\ModelBundle\\Entity\\Help','message','64','Procure uma reunião por assunto'),(646,'pt_BR','Proethos2\\ModelBundle\\Entity\\Help','message','65','Data'),(647,'pt_BR','Proethos2\\ModelBundle\\Entity\\Help','message','66','Assunto'),(648,'pt_BR','Proethos2\\ModelBundle\\Entity\\Help','message','67','Conteúdo '),(649,'pt_BR','Proethos2\\ModelBundle\\Entity\\Help','message','70','Perfil'),(650,'pt_BR','Proethos2\\ModelBundle\\Entity\\Help','message','72','Pesquisar protocolos por número de ID, palavra-chave ou nome do investigador'),(651,'pt_BR','Proethos2\\ModelBundle\\Entity\\Help','message','73','Status de protocolo'),(652,'pt_BR','Proethos2\\ModelBundle\\Entity\\Help','message','82','Pesquisar protocolos por número de ID, palavra-chave ou nome do investigador'),(653,'pt_BR','Proethos2\\ModelBundle\\Entity\\Help','message','83','Status de protocolo'),(654,'pt_BR','Proethos2\\ModelBundle\\Entity\\Help','message','89','Pergunta'),(655,'pt_BR','Proethos2\\ModelBundle\\Entity\\Help','message','90','Resposta'),(656,'pt_BR','Proethos2\\ModelBundle\\Entity\\Help','message','91','Ativo? '),(657,'pt_BR','Proethos2\\ModelBundle\\Entity\\Help','message','92','Pesquisar um documento de título ou de função de usuário '),(658,'pt_BR','Proethos2\\ModelBundle\\Entity\\Help','message','93','Título'),(659,'pt_BR','Proethos2\\ModelBundle\\Entity\\Help','message','94','Descrição '),(660,'pt_BR','Proethos2\\ModelBundle\\Entity\\Help','message','96','Arquivo'),(661,'pt_BR','Proethos2\\ModelBundle\\Entity\\Help','message','97','Ativo?'),(662,'pt_BR','Proethos2\\ModelBundle\\Entity\\Help','message','112','Análise inicial da Comissão'),(663,'pt_BR','Proethos2\\ModelBundle\\Entity\\Help','message','122','# de avaliações necessárias '),(664,'pt_BR','Proethos2\\ModelBundle\\Entity\\Help','message','123','Selecione a data da reunião '),(665,'pt_BR','Proethos2\\ModelBundle\\Entity\\Help','message','124','Comunicar a decisão '),(666,'pt_BR','Proethos2\\ModelBundle\\Entity\\Help','message','125','Decisão final '),(667,'pt_BR','Proethos2\\ModelBundle\\Entity\\Help','message','126','Mensagem '),(668,'pt_BR','Proethos2\\ModelBundle\\Entity\\Help','message','127','Rejeitar a apresentação '),(669,'pt_BR','Proethos2\\ModelBundle\\Entity\\Help','message','128','Razão por que o protocolo está sendo retornado '),(670,'pt_BR','Proethos2\\ModelBundle\\Entity\\Help','message','129','Aceitar a submissão '),(671,'pt_BR','Proethos2\\ModelBundle\\Entity\\Help','message','183','Decisão '),(672,'pt_BR','Proethos2\\ModelBundle\\Entity\\Help','message','184','Esta é uma mensagem confidencial? '),(673,'pt_BR','Proethos2\\ModelBundle\\Entity\\Help','message','185','Período de monitoramento '),(674,'pt_BR','Proethos2\\ModelBundle\\Entity\\Help','message','199','Consulta'),(675,'pt_BR','Proethos2\\ModelBundle\\Entity\\Help','message','201',''),(676,'pt_BR','Proethos2\\ModelBundle\\Entity\\Help','message','202',''),(677,'pt_BR','Proethos2\\ModelBundle\\Entity\\Help','message','203',''),(678,'pt_BR','Proethos2\\ModelBundle\\Entity\\Help','message','204',''),(679,'pt_BR','Proethos2\\ModelBundle\\Entity\\Help','message','205',''),(680,'pt_BR','Proethos2\\ModelBundle\\Entity\\Help','message','206',''),(681,'pt_BR','Proethos2\\ModelBundle\\Entity\\Help','message','207',''),(682,'pt_BR','Proethos2\\ModelBundle\\Entity\\Help','message','208',''),(683,'pt_BR','Proethos2\\ModelBundle\\Entity\\Help','message','209',''),(684,'pt_BR','Proethos2\\ModelBundle\\Entity\\Help','message','210',''),(685,'pt_BR','Proethos2\\ModelBundle\\Entity\\Help','message','211',''),(686,'pt_BR','Proethos2\\ModelBundle\\Entity\\ClinicalTrialName','name','4','ClinicalTrials.gov'),(687,'pt_BR','Proethos2\\ModelBundle\\Entity\\Country','name','1','Afeganistão'),(688,'pt_BR','Proethos2\\ModelBundle\\Entity\\Country','name','2','Ilhas Åland'),(689,'pt_BR','Proethos2\\ModelBundle\\Entity\\Country','name','3','Albânia'),(690,'pt_BR','Proethos2\\ModelBundle\\Entity\\Country','name','4','Argélia'),(691,'pt_BR','Proethos2\\ModelBundle\\Entity\\Country','name','5','Samoa Americana'),(692,'pt_BR','Proethos2\\ModelBundle\\Entity\\Country','name','6','Andorra'),(693,'pt_BR','Proethos2\\ModelBundle\\Entity\\Country','name','7','Angola'),(694,'pt_BR','Proethos2\\ModelBundle\\Entity\\Country','name','8','Anguilla'),(695,'pt_BR','Proethos2\\ModelBundle\\Entity\\Country','name','9','Antártida'),(696,'pt_BR','Proethos2\\ModelBundle\\Entity\\Country','name','10','Antígua e Barbuda'),(697,'pt_BR','Proethos2\\ModelBundle\\Entity\\Country','name','11','Argentina'),(698,'pt_BR','Proethos2\\ModelBundle\\Entity\\Country','name','12','Armênia'),(699,'pt_BR','Proethos2\\ModelBundle\\Entity\\Country','name','13','Aruba'),(700,'pt_BR','Proethos2\\ModelBundle\\Entity\\Country','name','14','Ilha de Ascensão'),(701,'pt_BR','Proethos2\\ModelBundle\\Entity\\Country','name','15','Austrália'),(702,'pt_BR','Proethos2\\ModelBundle\\Entity\\Country','name','16','Áustria'),(703,'pt_BR','Proethos2\\ModelBundle\\Entity\\Country','name','17','Azerbaijão'),(704,'pt_BR','Proethos2\\ModelBundle\\Entity\\Country','name','18','Bahamas'),(705,'pt_BR','Proethos2\\ModelBundle\\Entity\\Country','name','19','Bahrein'),(706,'pt_BR','Proethos2\\ModelBundle\\Entity\\Country','name','20','Bangladesh'),(707,'pt_BR','Proethos2\\ModelBundle\\Entity\\Country','name','21','Barbados'),(708,'pt_BR','Proethos2\\ModelBundle\\Entity\\Country','name','22','Bielorrússia'),(709,'pt_BR','Proethos2\\ModelBundle\\Entity\\Country','name','23','Bélgica'),(710,'pt_BR','Proethos2\\ModelBundle\\Entity\\Country','name','24','Belize'),(711,'pt_BR','Proethos2\\ModelBundle\\Entity\\Country','name','25','Benin'),(712,'pt_BR','Proethos2\\ModelBundle\\Entity\\Country','name','26','Bermudas'),(713,'pt_BR','Proethos2\\ModelBundle\\Entity\\Country','name','27','Butão'),(714,'pt_BR','Proethos2\\ModelBundle\\Entity\\Country','name','28','Bolívia'),(715,'pt_BR','Proethos2\\ModelBundle\\Entity\\Country','name','29','Bósnia e Herzegovina'),(716,'pt_BR','Proethos2\\ModelBundle\\Entity\\Country','name','30','Botsuana'),(717,'pt_BR','Proethos2\\ModelBundle\\Entity\\Country','name','31','Brasil'),(718,'pt_BR','Proethos2\\ModelBundle\\Entity\\Country','name','32','Território Britânico do Oceano Índico'),(719,'pt_BR','Proethos2\\ModelBundle\\Entity\\Country','name','33','Ilhas Virgens Britânicas'),(720,'pt_BR','Proethos2\\ModelBundle\\Entity\\Country','name','34','Brunei'),(721,'pt_BR','Proethos2\\ModelBundle\\Entity\\Country','name','35','Bulgária'),(722,'pt_BR','Proethos2\\ModelBundle\\Entity\\Country','name','36','Burquina Faso'),(723,'pt_BR','Proethos2\\ModelBundle\\Entity\\Country','name','37','Burundi'),(724,'pt_BR','Proethos2\\ModelBundle\\Entity\\Country','name','38','Camboja'),(725,'pt_BR','Proethos2\\ModelBundle\\Entity\\Country','name','39','República dos Camarões'),(726,'pt_BR','Proethos2\\ModelBundle\\Entity\\Country','name','40','Canadá'),(727,'pt_BR','Proethos2\\ModelBundle\\Entity\\Country','name','41','Ilhas Canárias'),(728,'pt_BR','Proethos2\\ModelBundle\\Entity\\Country','name','42','Cabo Verde'),(729,'pt_BR','Proethos2\\ModelBundle\\Entity\\Country','name','43','Países Baixos Caribenhos'),(730,'pt_BR','Proethos2\\ModelBundle\\Entity\\Country','name','44','Ilhas Cayman'),(731,'pt_BR','Proethos2\\ModelBundle\\Entity\\Country','name','45','República Centro-Africana'),(732,'pt_BR','Proethos2\\ModelBundle\\Entity\\Country','name','46','Ceuta e Melilha'),(733,'pt_BR','Proethos2\\ModelBundle\\Entity\\Country','name','47','Chade'),(734,'pt_BR','Proethos2\\ModelBundle\\Entity\\Country','name','48','Chile'),(735,'pt_BR','Proethos2\\ModelBundle\\Entity\\Country','name','49','China'),(736,'pt_BR','Proethos2\\ModelBundle\\Entity\\Country','name','50','Ilha Christmas'),(737,'pt_BR','Proethos2\\ModelBundle\\Entity\\Country','name','51','Ilhas Cocos (Keeling)'),(738,'pt_BR','Proethos2\\ModelBundle\\Entity\\Country','name','52','Colômbia'),(739,'pt_BR','Proethos2\\ModelBundle\\Entity\\Country','name','53','Comores'),(740,'pt_BR','Proethos2\\ModelBundle\\Entity\\Country','name','54','Congo - Brazzaville'),(741,'pt_BR','Proethos2\\ModelBundle\\Entity\\Country','name','55','Congo - Kinshasa'),(742,'pt_BR','Proethos2\\ModelBundle\\Entity\\Country','name','56','Ilhas Cook'),(743,'pt_BR','Proethos2\\ModelBundle\\Entity\\Country','name','57','Costa Rica'),(744,'pt_BR','Proethos2\\ModelBundle\\Entity\\Country','name','58','Costa do Marfim'),(745,'pt_BR','Proethos2\\ModelBundle\\Entity\\Country','name','59','Croácia'),(746,'pt_BR','Proethos2\\ModelBundle\\Entity\\Country','name','60','Cuba'),(747,'pt_BR','Proethos2\\ModelBundle\\Entity\\Country','name','61','Curaçao'),(748,'pt_BR','Proethos2\\ModelBundle\\Entity\\Country','name','62','Chipre'),(749,'pt_BR','Proethos2\\ModelBundle\\Entity\\Country','name','63','República Tcheca'),(750,'pt_BR','Proethos2\\ModelBundle\\Entity\\Country','name','64','Dinamarca'),(751,'pt_BR','Proethos2\\ModelBundle\\Entity\\Country','name','65','Diego Garcia'),(752,'pt_BR','Proethos2\\ModelBundle\\Entity\\Country','name','66','Djibuti'),(753,'pt_BR','Proethos2\\ModelBundle\\Entity\\Country','name','67','Dominica'),(754,'pt_BR','Proethos2\\ModelBundle\\Entity\\Country','name','68','República Dominicana'),(755,'pt_BR','Proethos2\\ModelBundle\\Entity\\Country','name','69','Equador'),(756,'pt_BR','Proethos2\\ModelBundle\\Entity\\Country','name','70','Egito'),(757,'pt_BR','Proethos2\\ModelBundle\\Entity\\Country','name','71','El Salvador'),(758,'pt_BR','Proethos2\\ModelBundle\\Entity\\Country','name','72','Guiné Equatorial'),(759,'pt_BR','Proethos2\\ModelBundle\\Entity\\Country','name','73','Eritreia'),(760,'pt_BR','Proethos2\\ModelBundle\\Entity\\Country','name','74','Estônia'),(761,'pt_BR','Proethos2\\ModelBundle\\Entity\\Country','name','75','Etiópia'),(762,'pt_BR','Proethos2\\ModelBundle\\Entity\\Country','name','76','Ilhas Malvinas'),(763,'pt_BR','Proethos2\\ModelBundle\\Entity\\Country','name','77','Ilhas Faroe'),(764,'pt_BR','Proethos2\\ModelBundle\\Entity\\Country','name','78','Fiji'),(765,'pt_BR','Proethos2\\ModelBundle\\Entity\\Country','name','79','Finlândia'),(766,'pt_BR','Proethos2\\ModelBundle\\Entity\\Country','name','80','França'),(767,'pt_BR','Proethos2\\ModelBundle\\Entity\\Country','name','81','Guiana Francesa'),(768,'pt_BR','Proethos2\\ModelBundle\\Entity\\Country','name','82','Polinésia Francesa'),(769,'pt_BR','Proethos2\\ModelBundle\\Entity\\Country','name','83','Territórios Franceses do Sul'),(770,'pt_BR','Proethos2\\ModelBundle\\Entity\\Country','name','84','Gabão'),(771,'pt_BR','Proethos2\\ModelBundle\\Entity\\Country','name','85','Gâmbia'),(772,'pt_BR','Proethos2\\ModelBundle\\Entity\\Country','name','86','Geórgia'),(773,'pt_BR','Proethos2\\ModelBundle\\Entity\\Country','name','87','Alemanha'),(774,'pt_BR','Proethos2\\ModelBundle\\Entity\\Country','name','88','Gana'),(775,'pt_BR','Proethos2\\ModelBundle\\Entity\\Country','name','89','Gibraltar'),(776,'pt_BR','Proethos2\\ModelBundle\\Entity\\Country','name','90','Grécia'),(777,'pt_BR','Proethos2\\ModelBundle\\Entity\\Country','name','91','Groenlândia'),(778,'pt_BR','Proethos2\\ModelBundle\\Entity\\Country','name','92','Granada'),(779,'pt_BR','Proethos2\\ModelBundle\\Entity\\Country','name','93','Guadalupe'),(780,'pt_BR','Proethos2\\ModelBundle\\Entity\\Country','name','94','Guam'),(781,'pt_BR','Proethos2\\ModelBundle\\Entity\\Country','name','95','Guatemala'),(782,'pt_BR','Proethos2\\ModelBundle\\Entity\\Country','name','96','Guernsey'),(783,'pt_BR','Proethos2\\ModelBundle\\Entity\\Country','name','97','Guiné'),(784,'pt_BR','Proethos2\\ModelBundle\\Entity\\Country','name','98','Guiné-Bissau'),(785,'pt_BR','Proethos2\\ModelBundle\\Entity\\Country','name','99','Guiana'),(786,'pt_BR','Proethos2\\ModelBundle\\Entity\\Country','name','100','Haiti'),(787,'pt_BR','Proethos2\\ModelBundle\\Entity\\Country','name','101','Honduras'),(788,'pt_BR','Proethos2\\ModelBundle\\Entity\\Country','name','102','Hong Kong, RAE da China'),(789,'pt_BR','Proethos2\\ModelBundle\\Entity\\Country','name','103','Hungria'),(790,'pt_BR','Proethos2\\ModelBundle\\Entity\\Country','name','104','Islândia'),(791,'pt_BR','Proethos2\\ModelBundle\\Entity\\Country','name','105','Índia'),(792,'pt_BR','Proethos2\\ModelBundle\\Entity\\Country','name','106','Indonésia'),(793,'pt_BR','Proethos2\\ModelBundle\\Entity\\Country','name','107','Irã'),(794,'pt_BR','Proethos2\\ModelBundle\\Entity\\Country','name','108','Iraque'),(795,'pt_BR','Proethos2\\ModelBundle\\Entity\\Country','name','109','Irlanda'),(796,'pt_BR','Proethos2\\ModelBundle\\Entity\\Country','name','110','Ilha de Man'),(797,'pt_BR','Proethos2\\ModelBundle\\Entity\\Country','name','111','Israel'),(798,'pt_BR','Proethos2\\ModelBundle\\Entity\\Country','name','112','Itália'),(799,'pt_BR','Proethos2\\ModelBundle\\Entity\\Country','name','113','Jamaica'),(800,'pt_BR','Proethos2\\ModelBundle\\Entity\\Country','name','114','Japão'),(801,'pt_BR','Proethos2\\ModelBundle\\Entity\\Country','name','115','Jersey'),(802,'pt_BR','Proethos2\\ModelBundle\\Entity\\Country','name','116','Jordânia'),(803,'pt_BR','Proethos2\\ModelBundle\\Entity\\Country','name','117','Cazaquistão'),(804,'pt_BR','Proethos2\\ModelBundle\\Entity\\Country','name','118','Quênia'),(805,'pt_BR','Proethos2\\ModelBundle\\Entity\\Country','name','119','Quiribati'),(806,'pt_BR','Proethos2\\ModelBundle\\Entity\\Country','name','120','Kosovo'),(807,'pt_BR','Proethos2\\ModelBundle\\Entity\\Country','name','121','Kuwait'),(808,'pt_BR','Proethos2\\ModelBundle\\Entity\\Country','name','122','Quirguistão'),(809,'pt_BR','Proethos2\\ModelBundle\\Entity\\Country','name','123','Laos'),(810,'pt_BR','Proethos2\\ModelBundle\\Entity\\Country','name','124','Letônia'),(811,'pt_BR','Proethos2\\ModelBundle\\Entity\\Country','name','125','Líbano'),(812,'pt_BR','Proethos2\\ModelBundle\\Entity\\Country','name','126','Lesoto'),(813,'pt_BR','Proethos2\\ModelBundle\\Entity\\Country','name','127','Libéria'),(814,'pt_BR','Proethos2\\ModelBundle\\Entity\\Country','name','128','Líbia'),(815,'pt_BR','Proethos2\\ModelBundle\\Entity\\Country','name','129','Liechtenstein'),(816,'pt_BR','Proethos2\\ModelBundle\\Entity\\Country','name','130','Lituânia'),(817,'pt_BR','Proethos2\\ModelBundle\\Entity\\Country','name','131','Luxemburgo'),(818,'pt_BR','Proethos2\\ModelBundle\\Entity\\Country','name','132','Macau, RAE da China'),(819,'pt_BR','Proethos2\\ModelBundle\\Entity\\Country','name','133','Macedônia'),(820,'pt_BR','Proethos2\\ModelBundle\\Entity\\Country','name','134','Madagascar'),(821,'pt_BR','Proethos2\\ModelBundle\\Entity\\Country','name','135','Malawi'),(822,'pt_BR','Proethos2\\ModelBundle\\Entity\\Country','name','136','Malásia'),(823,'pt_BR','Proethos2\\ModelBundle\\Entity\\Country','name','137','Maldivas'),(824,'pt_BR','Proethos2\\ModelBundle\\Entity\\Country','name','138','Mali'),(825,'pt_BR','Proethos2\\ModelBundle\\Entity\\Country','name','139','Malta'),(826,'pt_BR','Proethos2\\ModelBundle\\Entity\\Country','name','140','Ilhas Marshall'),(827,'pt_BR','Proethos2\\ModelBundle\\Entity\\Country','name','141','Martinica'),(828,'pt_BR','Proethos2\\ModelBundle\\Entity\\Country','name','142','Mauritânia'),(829,'pt_BR','Proethos2\\ModelBundle\\Entity\\Country','name','143','Maurício'),(830,'pt_BR','Proethos2\\ModelBundle\\Entity\\Country','name','144','Mayotte'),(831,'pt_BR','Proethos2\\ModelBundle\\Entity\\Country','name','145','México'),(832,'pt_BR','Proethos2\\ModelBundle\\Entity\\Country','name','146','Micronésia'),(833,'pt_BR','Proethos2\\ModelBundle\\Entity\\Country','name','147','Moldávia'),(834,'pt_BR','Proethos2\\ModelBundle\\Entity\\Country','name','148','Mônaco'),(835,'pt_BR','Proethos2\\ModelBundle\\Entity\\Country','name','149','Mongólia'),(836,'pt_BR','Proethos2\\ModelBundle\\Entity\\Country','name','150','Montenegro'),(837,'pt_BR','Proethos2\\ModelBundle\\Entity\\Country','name','151','Montserrat'),(838,'pt_BR','Proethos2\\ModelBundle\\Entity\\Country','name','152','Marrocos'),(839,'pt_BR','Proethos2\\ModelBundle\\Entity\\Country','name','153','Moçambique'),(840,'pt_BR','Proethos2\\ModelBundle\\Entity\\Country','name','154','Mianmar (Birmânia)'),(841,'pt_BR','Proethos2\\ModelBundle\\Entity\\Country','name','155','Namíbia'),(842,'pt_BR','Proethos2\\ModelBundle\\Entity\\Country','name','156','Nauru'),(843,'pt_BR','Proethos2\\ModelBundle\\Entity\\Country','name','157','Nepal'),(844,'pt_BR','Proethos2\\ModelBundle\\Entity\\Country','name','158','Holanda'),(845,'pt_BR','Proethos2\\ModelBundle\\Entity\\Country','name','159','Nova Caledônia'),(846,'pt_BR','Proethos2\\ModelBundle\\Entity\\Country','name','160','Nova Zelândia'),(847,'pt_BR','Proethos2\\ModelBundle\\Entity\\Country','name','161','Nicarágua'),(848,'pt_BR','Proethos2\\ModelBundle\\Entity\\Country','name','162','Níger'),(849,'pt_BR','Proethos2\\ModelBundle\\Entity\\Country','name','163','Nigéria'),(850,'pt_BR','Proethos2\\ModelBundle\\Entity\\Country','name','164','Niue'),(851,'pt_BR','Proethos2\\ModelBundle\\Entity\\Country','name','165','Ilha Norfolk'),(852,'pt_BR','Proethos2\\ModelBundle\\Entity\\Country','name','166','Coreia do Norte'),(853,'pt_BR','Proethos2\\ModelBundle\\Entity\\Country','name','167','Ilhas Marianas do Norte'),(854,'pt_BR','Proethos2\\ModelBundle\\Entity\\Country','name','168','Noruega'),(855,'pt_BR','Proethos2\\ModelBundle\\Entity\\Country','name','169','Omã'),(856,'pt_BR','Proethos2\\ModelBundle\\Entity\\Country','name','170','Paquistão'),(857,'pt_BR','Proethos2\\ModelBundle\\Entity\\Country','name','171','Palau'),(858,'pt_BR','Proethos2\\ModelBundle\\Entity\\Country','name','172','Territórios palestinos'),(859,'pt_BR','Proethos2\\ModelBundle\\Entity\\Country','name','173','Panamá'),(860,'pt_BR','Proethos2\\ModelBundle\\Entity\\Country','name','174','Papua-Nova Guiné'),(861,'pt_BR','Proethos2\\ModelBundle\\Entity\\Country','name','175','Paraguai'),(862,'pt_BR','Proethos2\\ModelBundle\\Entity\\Country','name','176','Peru'),(863,'pt_BR','Proethos2\\ModelBundle\\Entity\\Country','name','177','Filipinas'),(864,'pt_BR','Proethos2\\ModelBundle\\Entity\\Country','name','178','Ilhas Pitcairn'),(865,'pt_BR','Proethos2\\ModelBundle\\Entity\\Country','name','179','Polônia'),(866,'pt_BR','Proethos2\\ModelBundle\\Entity\\Country','name','180','Portugal'),(867,'pt_BR','Proethos2\\ModelBundle\\Entity\\Country','name','181','Porto Rico'),(868,'pt_BR','Proethos2\\ModelBundle\\Entity\\Country','name','182','Catar'),(869,'pt_BR','Proethos2\\ModelBundle\\Entity\\Country','name','183','Reunião'),(870,'pt_BR','Proethos2\\ModelBundle\\Entity\\Country','name','184','Romênia'),(871,'pt_BR','Proethos2\\ModelBundle\\Entity\\Country','name','185','Rússia'),(872,'pt_BR','Proethos2\\ModelBundle\\Entity\\Country','name','186','Ruanda'),(873,'pt_BR','Proethos2\\ModelBundle\\Entity\\Country','name','187','Samoa'),(874,'pt_BR','Proethos2\\ModelBundle\\Entity\\Country','name','188','San Marino'),(875,'pt_BR','Proethos2\\ModelBundle\\Entity\\Country','name','189','São Tomé e Príncipe'),(876,'pt_BR','Proethos2\\ModelBundle\\Entity\\Country','name','190','Arábia Saudita'),(877,'pt_BR','Proethos2\\ModelBundle\\Entity\\Country','name','191','Senegal'),(878,'pt_BR','Proethos2\\ModelBundle\\Entity\\Country','name','192','Sérvia'),(879,'pt_BR','Proethos2\\ModelBundle\\Entity\\Country','name','193','Seychelles'),(880,'pt_BR','Proethos2\\ModelBundle\\Entity\\Country','name','194','Serra Leoa'),(881,'pt_BR','Proethos2\\ModelBundle\\Entity\\Country','name','195','Cingapura'),(882,'pt_BR','Proethos2\\ModelBundle\\Entity\\Country','name','196','Sint Maarten'),(883,'pt_BR','Proethos2\\ModelBundle\\Entity\\Country','name','197','Eslováquia'),(884,'pt_BR','Proethos2\\ModelBundle\\Entity\\Country','name','198','Eslovênia'),(885,'pt_BR','Proethos2\\ModelBundle\\Entity\\Country','name','199','Ilhas Salomão'),(886,'pt_BR','Proethos2\\ModelBundle\\Entity\\Country','name','200','Somália'),(887,'pt_BR','Proethos2\\ModelBundle\\Entity\\Country','name','201','África do Sul'),(888,'pt_BR','Proethos2\\ModelBundle\\Entity\\Country','name','202','Ilhas Geórgia do Sul e Sandwich do Sul'),(889,'pt_BR','Proethos2\\ModelBundle\\Entity\\Country','name','203','Coreia do Sul'),(890,'pt_BR','Proethos2\\ModelBundle\\Entity\\Country','name','204','Sudão do Sul'),(891,'pt_BR','Proethos2\\ModelBundle\\Entity\\Country','name','205','Espanha'),(892,'pt_BR','Proethos2\\ModelBundle\\Entity\\Country','name','206','Sri Lanka'),(893,'pt_BR','Proethos2\\ModelBundle\\Entity\\Country','name','207','São Bartolomeu'),(894,'pt_BR','Proethos2\\ModelBundle\\Entity\\Country','name','208','Santa Helena'),(895,'pt_BR','Proethos2\\ModelBundle\\Entity\\Country','name','209','São Cristóvão e Nevis'),(896,'pt_BR','Proethos2\\ModelBundle\\Entity\\Country','name','210','Santa Lúcia'),(897,'pt_BR','Proethos2\\ModelBundle\\Entity\\Country','name','211','São Martinho'),(898,'pt_BR','Proethos2\\ModelBundle\\Entity\\Country','name','212','Saint Pierre e Miquelon'),(899,'pt_BR','Proethos2\\ModelBundle\\Entity\\Country','name','213','São Vicente e Granadinas'),(900,'pt_BR','Proethos2\\ModelBundle\\Entity\\Country','name','214','Sudão'),(901,'pt_BR','Proethos2\\ModelBundle\\Entity\\Country','name','215','Suriname'),(902,'pt_BR','Proethos2\\ModelBundle\\Entity\\Country','name','216','Svalbard e Jan Mayen'),(903,'pt_BR','Proethos2\\ModelBundle\\Entity\\Country','name','217','Suazilândia'),(904,'pt_BR','Proethos2\\ModelBundle\\Entity\\Country','name','218','Suécia'),(905,'pt_BR','Proethos2\\ModelBundle\\Entity\\Country','name','219','Suíça'),(906,'pt_BR','Proethos2\\ModelBundle\\Entity\\Country','name','220','Síria'),(907,'pt_BR','Proethos2\\ModelBundle\\Entity\\Country','name','221','Taiwan'),(908,'pt_BR','Proethos2\\ModelBundle\\Entity\\Country','name','222','Tajiquistão'),(909,'pt_BR','Proethos2\\ModelBundle\\Entity\\Country','name','223','Tanzânia'),(910,'pt_BR','Proethos2\\ModelBundle\\Entity\\Country','name','224','Tailândia'),(911,'pt_BR','Proethos2\\ModelBundle\\Entity\\Country','name','225','Timor-Leste'),(912,'pt_BR','Proethos2\\ModelBundle\\Entity\\Country','name','226','Togo'),(913,'pt_BR','Proethos2\\ModelBundle\\Entity\\Country','name','227','Tokelau'),(914,'pt_BR','Proethos2\\ModelBundle\\Entity\\Country','name','228','Tonga'),(915,'pt_BR','Proethos2\\ModelBundle\\Entity\\Country','name','229','Trinidad e Tobago'),(916,'pt_BR','Proethos2\\ModelBundle\\Entity\\Country','name','230','Tristão da Cunha'),(917,'pt_BR','Proethos2\\ModelBundle\\Entity\\Country','name','231','Tunísia'),(918,'pt_BR','Proethos2\\ModelBundle\\Entity\\Country','name','232','Turquia'),(919,'pt_BR','Proethos2\\ModelBundle\\Entity\\Country','name','233','Turcomenistão'),(920,'pt_BR','Proethos2\\ModelBundle\\Entity\\Country','name','234','Ilhas Turks e Caicos'),(921,'pt_BR','Proethos2\\ModelBundle\\Entity\\Country','name','235','Tuvalu'),(922,'pt_BR','Proethos2\\ModelBundle\\Entity\\Country','name','236','Ilhas Menores Distantes dos EUA'),(923,'pt_BR','Proethos2\\ModelBundle\\Entity\\Country','name','237','Ilhas Virgens dos EUA'),(924,'pt_BR','Proethos2\\ModelBundle\\Entity\\Country','name','238','Uganda'),(925,'pt_BR','Proethos2\\ModelBundle\\Entity\\Country','name','239','Ucrânia'),(926,'pt_BR','Proethos2\\ModelBundle\\Entity\\Country','name','240','Emirados Árabes Unidos'),(927,'pt_BR','Proethos2\\ModelBundle\\Entity\\Country','name','241','Reino Unido'),(928,'pt_BR','Proethos2\\ModelBundle\\Entity\\Country','name','242','Estados Unidos'),(929,'pt_BR','Proethos2\\ModelBundle\\Entity\\Country','name','243','Uruguai'),(930,'pt_BR','Proethos2\\ModelBundle\\Entity\\Country','name','244','Uzbequistão'),(931,'pt_BR','Proethos2\\ModelBundle\\Entity\\Country','name','245','Vanuatu'),(932,'pt_BR','Proethos2\\ModelBundle\\Entity\\Country','name','246','Cidade do Vaticano'),(933,'pt_BR','Proethos2\\ModelBundle\\Entity\\Country','name','247','Venezuela'),(934,'pt_BR','Proethos2\\ModelBundle\\Entity\\Country','name','248','Vietnã'),(935,'pt_BR','Proethos2\\ModelBundle\\Entity\\Country','name','249','Wallis e Futuna'),(936,'pt_BR','Proethos2\\ModelBundle\\Entity\\Country','name','250','Saara Ocidental'),(937,'pt_BR','Proethos2\\ModelBundle\\Entity\\Country','name','251','Iêmen'),(938,'pt_BR','Proethos2\\ModelBundle\\Entity\\Country','name','252','Zâmbia'),(939,'pt_BR','Proethos2\\ModelBundle\\Entity\\Country','name','253','Zimbábue'),(940,'pt_BR','Proethos2\\ModelBundle\\Entity\\Country','name','254','French Guiana'),(941,'pt_BR','Proethos2\\ModelBundle\\Entity\\Country','name','258','French Polynesia'),(942,'pt_BR','Proethos2\\ModelBundle\\Entity\\Country','name','260','French Southern Territories'),(943,'pt_BR','Proethos2\\ModelBundle\\Entity\\Country','name','262','Djibouti'),(944,'pt_BR','Proethos2\\ModelBundle\\Entity\\Country','name','266','Gabon'),(945,'pt_BR','Proethos2\\ModelBundle\\Entity\\Country','name','268','Georgia'),(946,'pt_BR','Proethos2\\ModelBundle\\Entity\\Country','name','270','Gambia'),(947,'pt_BR','Proethos2\\ModelBundle\\Entity\\Country','name','275','Palestine, State of'),(948,'pt_BR','Proethos2\\ModelBundle\\Entity\\Country','name','276','Germany'),(949,'pt_BR','Proethos2\\ModelBundle\\Entity\\Country','name','288','Ghana'),(950,'pt_BR','Proethos2\\ModelBundle\\Entity\\Country','name','292','Gibraltar'),(951,'pt_BR','Proethos2\\ModelBundle\\Entity\\Country','name','296','Kiribati'),(952,'pt_BR','Proethos2\\ModelBundle\\Entity\\Country','name','300','Greece'),(953,'pt_BR','Proethos2\\ModelBundle\\Entity\\Country','name','304','Greenland'),(954,'pt_BR','Proethos2\\ModelBundle\\Entity\\Country','name','308','Grenada'),(955,'pt_BR','Proethos2\\ModelBundle\\Entity\\Country','name','312','Guadeloupe'),(956,'pt_BR','Proethos2\\ModelBundle\\Entity\\Country','name','316','Guam'),(957,'pt_BR','Proethos2\\ModelBundle\\Entity\\Country','name','320','Guatemala'),(958,'pt_BR','Proethos2\\ModelBundle\\Entity\\Country','name','324','Guinea'),(959,'pt_BR','Proethos2\\ModelBundle\\Entity\\Country','name','328','Guyana'),(960,'pt_BR','Proethos2\\ModelBundle\\Entity\\Country','name','332','Haiti'),(961,'pt_BR','Proethos2\\ModelBundle\\Entity\\Country','name','334','Heard Island and McDonald Islands'),(962,'pt_BR','Proethos2\\ModelBundle\\Entity\\Country','name','336','Holy See'),(963,'pt_BR','Proethos2\\ModelBundle\\Entity\\Country','name','340','Honduras'),(964,'pt_BR','Proethos2\\ModelBundle\\Entity\\Country','name','344','Hong Kong'),(965,'pt_BR','Proethos2\\ModelBundle\\Entity\\Country','name','348','Hungary'),(966,'pt_BR','Proethos2\\ModelBundle\\Entity\\Country','name','352','Iceland'),(967,'pt_BR','Proethos2\\ModelBundle\\Entity\\Country','name','356','India'),(968,'pt_BR','Proethos2\\ModelBundle\\Entity\\Country','name','360','Indonesia'),(969,'pt_BR','Proethos2\\ModelBundle\\Entity\\Country','name','364','Iran (Islamic Republic of)'),(970,'pt_BR','Proethos2\\ModelBundle\\Entity\\Country','name','368','Iraq'),(971,'pt_BR','Proethos2\\ModelBundle\\Entity\\Country','name','372','Ireland'),(972,'pt_BR','Proethos2\\ModelBundle\\Entity\\Country','name','376','Israel'),(973,'pt_BR','Proethos2\\ModelBundle\\Entity\\Country','name','380','Italy'),(974,'pt_BR','Proethos2\\ModelBundle\\Entity\\Country','name','384','Côte d\'Ivoire'),(975,'pt_BR','Proethos2\\ModelBundle\\Entity\\Country','name','388','Jamaica'),(976,'pt_BR','Proethos2\\ModelBundle\\Entity\\Country','name','392','Japan'),(977,'pt_BR','Proethos2\\ModelBundle\\Entity\\Country','name','398','Kazakhstan'),(978,'pt_BR','Proethos2\\ModelBundle\\Entity\\Country','name','400','Jordan'),(979,'pt_BR','Proethos2\\ModelBundle\\Entity\\Country','name','404','Kenya'),(980,'pt_BR','Proethos2\\ModelBundle\\Entity\\Country','name','408','Korea (Democratic People\'s Republic of)'),(981,'pt_BR','Proethos2\\ModelBundle\\Entity\\Country','name','410','Korea (Republic of)'),(982,'pt_BR','Proethos2\\ModelBundle\\Entity\\Country','name','414','Kuwait'),(983,'pt_BR','Proethos2\\ModelBundle\\Entity\\Country','name','417','Kyrgyzstan'),(984,'pt_BR','Proethos2\\ModelBundle\\Entity\\Country','name','418','Lao People\'s Democratic Republic'),(985,'pt_BR','Proethos2\\ModelBundle\\Entity\\Country','name','422','Lebanon'),(986,'pt_BR','Proethos2\\ModelBundle\\Entity\\Country','name','426','Lesotho'),(987,'pt_BR','Proethos2\\ModelBundle\\Entity\\Country','name','428','Latvia'),(988,'pt_BR','Proethos2\\ModelBundle\\Entity\\Country','name','430','Liberia'),(989,'pt_BR','Proethos2\\ModelBundle\\Entity\\Country','name','434','Libya'),(990,'pt_BR','Proethos2\\ModelBundle\\Entity\\Country','name','438','Liechtenstein'),(991,'pt_BR','Proethos2\\ModelBundle\\Entity\\Country','name','440','Lithuania'),(992,'pt_BR','Proethos2\\ModelBundle\\Entity\\Country','name','442','Luxembourg'),(993,'pt_BR','Proethos2\\ModelBundle\\Entity\\Country','name','446','Macao'),(994,'pt_BR','Proethos2\\ModelBundle\\Entity\\Country','name','450','Madagascar'),(995,'pt_BR','Proethos2\\ModelBundle\\Entity\\Country','name','454','Malawi'),(996,'pt_BR','Proethos2\\ModelBundle\\Entity\\Country','name','458','Malaysia'),(997,'pt_BR','Proethos2\\ModelBundle\\Entity\\Country','name','462','Maldives'),(998,'pt_BR','Proethos2\\ModelBundle\\Entity\\Country','name','466','Mali'),(999,'pt_BR','Proethos2\\ModelBundle\\Entity\\Country','name','470','Malta'),(1000,'pt_BR','Proethos2\\ModelBundle\\Entity\\Country','name','474','Martinique'),(1001,'pt_BR','Proethos2\\ModelBundle\\Entity\\Country','name','478','Mauritania'),(1002,'pt_BR','Proethos2\\ModelBundle\\Entity\\Country','name','480','Mauritius'),(1003,'pt_BR','Proethos2\\ModelBundle\\Entity\\Country','name','484','Mexico'),(1004,'pt_BR','Proethos2\\ModelBundle\\Entity\\Country','name','492','Monaco'),(1005,'pt_BR','Proethos2\\ModelBundle\\Entity\\Country','name','496','Mongolia'),(1006,'pt_BR','Proethos2\\ModelBundle\\Entity\\Country','name','498','Moldova (Republic of)'),(1007,'pt_BR','Proethos2\\ModelBundle\\Entity\\Country','name','499','Montenegro'),(1008,'pt_BR','Proethos2\\ModelBundle\\Entity\\Country','name','500','Montserrat'),(1009,'pt_BR','Proethos2\\ModelBundle\\Entity\\Country','name','504','Morocco'),(1010,'pt_BR','Proethos2\\ModelBundle\\Entity\\Country','name','508','Mozambique'),(1011,'pt_BR','Proethos2\\ModelBundle\\Entity\\Country','name','512','Oman'),(1012,'pt_BR','Proethos2\\ModelBundle\\Entity\\Country','name','516','Namibia'),(1013,'pt_BR','Proethos2\\ModelBundle\\Entity\\Country','name','520','Nauru'),(1014,'pt_BR','Proethos2\\ModelBundle\\Entity\\Country','name','524','Nepal'),(1015,'pt_BR','Proethos2\\ModelBundle\\Entity\\Country','name','528','Netherlands'),(1016,'pt_BR','Proethos2\\ModelBundle\\Entity\\Country','name','531','Curaçao'),(1017,'pt_BR','Proethos2\\ModelBundle\\Entity\\Country','name','533','Aruba'),(1018,'pt_BR','Proethos2\\ModelBundle\\Entity\\Country','name','534','Sint Maarten (Dutch part)'),(1019,'pt_BR','Proethos2\\ModelBundle\\Entity\\Country','name','535','Bonaire, Sint Eustatius and Saba'),(1020,'pt_BR','Proethos2\\ModelBundle\\Entity\\Country','name','540','New Caledonia'),(1021,'pt_BR','Proethos2\\ModelBundle\\Entity\\Country','name','548','Vanuatu'),(1022,'pt_BR','Proethos2\\ModelBundle\\Entity\\Country','name','554','New Zealand'),(1023,'pt_BR','Proethos2\\ModelBundle\\Entity\\Country','name','558','Nicaragua'),(1024,'pt_BR','Proethos2\\ModelBundle\\Entity\\Country','name','562','Niger'),(1025,'pt_BR','Proethos2\\ModelBundle\\Entity\\Country','name','566','Nigeria'),(1026,'pt_BR','Proethos2\\ModelBundle\\Entity\\Country','name','570','Niue'),(1027,'pt_BR','Proethos2\\ModelBundle\\Entity\\Country','name','574','Norfolk Island'),(1028,'pt_BR','Proethos2\\ModelBundle\\Entity\\Country','name','578','Norway'),(1029,'pt_BR','Proethos2\\ModelBundle\\Entity\\Country','name','580','Northern Mariana Islands'),(1030,'pt_BR','Proethos2\\ModelBundle\\Entity\\Country','name','581','United States Minor Outlying Islands'),(1031,'pt_BR','Proethos2\\ModelBundle\\Entity\\Country','name','583','Micronesia (Federated States of)'),(1032,'pt_BR','Proethos2\\ModelBundle\\Entity\\Country','name','584','Marshall Islands'),(1033,'pt_BR','Proethos2\\ModelBundle\\Entity\\Country','name','585','Palau'),(1034,'pt_BR','Proethos2\\ModelBundle\\Entity\\Country','name','586','Pakistan'),(1035,'pt_BR','Proethos2\\ModelBundle\\Entity\\Country','name','591','Panama'),(1036,'pt_BR','Proethos2\\ModelBundle\\Entity\\Country','name','598','Papua New Guinea'),(1037,'pt_BR','Proethos2\\ModelBundle\\Entity\\Country','name','600','Paraguay'),(1038,'pt_BR','Proethos2\\ModelBundle\\Entity\\Country','name','604','Peru'),(1039,'pt_BR','Proethos2\\ModelBundle\\Entity\\Country','name','608','Philippines'),(1040,'pt_BR','Proethos2\\ModelBundle\\Entity\\Country','name','612','Pitcairn'),(1041,'pt_BR','Proethos2\\ModelBundle\\Entity\\Country','name','616','Poland'),(1042,'pt_BR','Proethos2\\ModelBundle\\Entity\\Country','name','620','Portugal'),(1043,'pt_BR','Proethos2\\ModelBundle\\Entity\\Country','name','624','Guinea-Bissau'),(1044,'pt_BR','Proethos2\\ModelBundle\\Entity\\Country','name','626','Timor-Leste'),(1045,'pt_BR','Proethos2\\ModelBundle\\Entity\\Country','name','630','Puerto Rico'),(1046,'pt_BR','Proethos2\\ModelBundle\\Entity\\Country','name','634','Qatar'),(1047,'pt_BR','Proethos2\\ModelBundle\\Entity\\Country','name','638','Réunion'),(1048,'pt_BR','Proethos2\\ModelBundle\\Entity\\Country','name','642','Romania'),(1049,'pt_BR','Proethos2\\ModelBundle\\Entity\\Country','name','643','Russian Federation'),(1050,'pt_BR','Proethos2\\ModelBundle\\Entity\\Country','name','646','Rwanda'),(1051,'pt_BR','Proethos2\\ModelBundle\\Entity\\Country','name','652','Saint Barthélemy'),(1052,'pt_BR','Proethos2\\ModelBundle\\Entity\\Country','name','654','Saint Helena, Ascension and Tristan da Cunha'),(1053,'pt_BR','Proethos2\\ModelBundle\\Entity\\Country','name','659','Saint Kitts and Nevis'),(1054,'pt_BR','Proethos2\\ModelBundle\\Entity\\Country','name','660','Anguilla'),(1055,'pt_BR','Proethos2\\ModelBundle\\Entity\\Country','name','662','Saint Lucia'),(1056,'pt_BR','Proethos2\\ModelBundle\\Entity\\Country','name','663','Saint Martin (French part)'),(1057,'pt_BR','Proethos2\\ModelBundle\\Entity\\Country','name','666','Saint Pierre and Miquelon'),(1058,'pt_BR','Proethos2\\ModelBundle\\Entity\\Country','name','670','Saint Vincent and the Grenadines'),(1059,'pt_BR','Proethos2\\ModelBundle\\Entity\\Country','name','674','San Marino'),(1060,'pt_BR','Proethos2\\ModelBundle\\Entity\\Country','name','678','Sao Tome and Principe'),(1061,'pt_BR','Proethos2\\ModelBundle\\Entity\\Country','name','682','Saudi Arabia'),(1062,'pt_BR','Proethos2\\ModelBundle\\Entity\\Country','name','686','Senegal'),(1063,'pt_BR','Proethos2\\ModelBundle\\Entity\\Country','name','688','Serbia'),(1064,'pt_BR','Proethos2\\ModelBundle\\Entity\\Country','name','690','Seychelles'),(1065,'pt_BR','Proethos2\\ModelBundle\\Entity\\Country','name','694','Sierra Leone'),(1066,'pt_BR','Proethos2\\ModelBundle\\Entity\\Country','name','702','Singapore'),(1067,'pt_BR','Proethos2\\ModelBundle\\Entity\\Country','name','703','Slovakia'),(1068,'pt_BR','Proethos2\\ModelBundle\\Entity\\Country','name','704','Viet Nam'),(1069,'pt_BR','Proethos2\\ModelBundle\\Entity\\Country','name','705','Slovenia'),(1070,'pt_BR','Proethos2\\ModelBundle\\Entity\\Country','name','706','Somalia'),(1071,'pt_BR','Proethos2\\ModelBundle\\Entity\\Country','name','710','South Africa'),(1072,'pt_BR','Proethos2\\ModelBundle\\Entity\\Country','name','716','Zimbabwe'),(1073,'pt_BR','Proethos2\\ModelBundle\\Entity\\Country','name','724','Spain'),(1074,'pt_BR','Proethos2\\ModelBundle\\Entity\\Country','name','728','South Sudan'),(1075,'pt_BR','Proethos2\\ModelBundle\\Entity\\Country','name','729','Sudan'),(1076,'pt_BR','Proethos2\\ModelBundle\\Entity\\Country','name','732','Western Sahara'),(1077,'pt_BR','Proethos2\\ModelBundle\\Entity\\Country','name','740','Suriname'),(1078,'pt_BR','Proethos2\\ModelBundle\\Entity\\Country','name','744','Svalbard and Jan Mayen'),(1079,'pt_BR','Proethos2\\ModelBundle\\Entity\\Country','name','748','Swaziland'),(1080,'pt_BR','Proethos2\\ModelBundle\\Entity\\Country','name','752','Sweden'),(1081,'pt_BR','Proethos2\\ModelBundle\\Entity\\Country','name','756','Switzerland'),(1082,'pt_BR','Proethos2\\ModelBundle\\Entity\\Country','name','760','Syrian Arab Republic'),(1083,'pt_BR','Proethos2\\ModelBundle\\Entity\\Country','name','762','Tajikistan'),(1084,'pt_BR','Proethos2\\ModelBundle\\Entity\\Country','name','764','Thailand'),(1085,'pt_BR','Proethos2\\ModelBundle\\Entity\\Country','name','768','Togo'),(1086,'pt_BR','Proethos2\\ModelBundle\\Entity\\Country','name','772','Tokelau'),(1087,'pt_BR','Proethos2\\ModelBundle\\Entity\\Country','name','776','Tonga'),(1088,'pt_BR','Proethos2\\ModelBundle\\Entity\\Country','name','780','Trinidad and Tobago'),(1089,'pt_BR','Proethos2\\ModelBundle\\Entity\\Country','name','784','United Arab Emirates'),(1090,'pt_BR','Proethos2\\ModelBundle\\Entity\\Country','name','788','Tunisia'),(1091,'pt_BR','Proethos2\\ModelBundle\\Entity\\Country','name','792','Turkey'),(1092,'pt_BR','Proethos2\\ModelBundle\\Entity\\Country','name','795','Turkmenistan'),(1093,'pt_BR','Proethos2\\ModelBundle\\Entity\\Country','name','796','Turks and Caicos Islands'),(1094,'pt_BR','Proethos2\\ModelBundle\\Entity\\Country','name','798','Tuvalu'),(1095,'pt_BR','Proethos2\\ModelBundle\\Entity\\Country','name','800','Uganda'),(1096,'pt_BR','Proethos2\\ModelBundle\\Entity\\Country','name','804','Ukraine'),(1097,'pt_BR','Proethos2\\ModelBundle\\Entity\\Country','name','807','Macedonia (the former Yugoslav Republic of)'),(1098,'pt_BR','Proethos2\\ModelBundle\\Entity\\Country','name','818','Egypt'),(1099,'pt_BR','Proethos2\\ModelBundle\\Entity\\Country','name','826','United Kingdom of Great Britain and Northern Ireland'),(1100,'pt_BR','Proethos2\\ModelBundle\\Entity\\Country','name','831','Guernsey'),(1101,'pt_BR','Proethos2\\ModelBundle\\Entity\\Country','name','832','Jersey'),(1102,'pt_BR','Proethos2\\ModelBundle\\Entity\\Country','name','833','Isle of Man'),(1103,'pt_BR','Proethos2\\ModelBundle\\Entity\\Country','name','834','Tanzania, United Republic of'),(1104,'pt_BR','Proethos2\\ModelBundle\\Entity\\Country','name','840','Estados Unidos'),(1105,'pt_BR','Proethos2\\ModelBundle\\Entity\\Country','name','850','Virgin Islands (U.S.)'),(1106,'pt_BR','Proethos2\\ModelBundle\\Entity\\Country','name','854','Burkina Faso'),(1107,'pt_BR','Proethos2\\ModelBundle\\Entity\\Country','name','858','Uruguay'),(1108,'pt_BR','Proethos2\\ModelBundle\\Entity\\Country','name','860','Uzbekistan'),(1109,'pt_BR','Proethos2\\ModelBundle\\Entity\\Country','name','862','Venezuela (Bolivarian Republic of)'),(1110,'pt_BR','Proethos2\\ModelBundle\\Entity\\Country','name','876','Wallis and Futuna'),(1111,'pt_BR','Proethos2\\ModelBundle\\Entity\\Country','name','882','Samoa'),(1112,'pt_BR','Proethos2\\ModelBundle\\Entity\\Country','name','887','Yemen'),(1113,'pt_BR','Proethos2\\ModelBundle\\Entity\\Country','name','894','Zambia'),(1114,'pt_BR','Proethos2\\ModelBundle\\Entity\\Gender','name','1','N/A'),(1115,'pt_BR','Proethos2\\ModelBundle\\Entity\\Gender','name','2','Homem'),(1116,'pt_BR','Proethos2\\ModelBundle\\Entity\\Gender','name','3','Mulher'),(1117,'pt_BR','Proethos2\\ModelBundle\\Entity\\Gender','name','4','Ambos'),(1118,'pt_BR','Proethos2\\ModelBundle\\Entity\\MonitoringAction','name','1','Apresentar uma alteração '),(1119,'pt_BR','Proethos2\\ModelBundle\\Entity\\MonitoringAction','name','2','Relatório de evento adverso'),(1120,'pt_BR','Proethos2\\ModelBundle\\Entity\\MonitoringAction','name','3','Conclusão do estudo'),(1121,'pt_BR','Proethos2\\ModelBundle\\Entity\\MonitoringAction','name','4','Relatório de acompanhamento '),(1122,'pt_BR','Proethos2\\ModelBundle\\Entity\\MonitoringAction','name','5','Descontinuação do estudo '),(1123,'pt_BR','Proethos2\\ModelBundle\\Entity\\MonitoringAction','name','6','Apresentar outros documentos '),(1124,'pt_BR','Proethos2\\ModelBundle\\Entity\\MonitoringAction','name','7','Pedido de extensão da homologação '),(1125,'pt_BR','Proethos2\\ModelBundle\\Entity\\MonitoringAction','name','8','Cancelamento de estudo '),(1126,'pt_BR','Proethos2\\ModelBundle\\Entity\\RecruitmentStatus','name','1','Recrutando '),(1127,'pt_BR','Proethos2\\ModelBundle\\Entity\\RecruitmentStatus','name','2','Suspenso '),(1128,'pt_BR','Proethos2\\ModelBundle\\Entity\\RecruitmentStatus','name','3','Concluído'),(1129,'pt_BR','Proethos2\\ModelBundle\\Entity\\RecruitmentStatus','name','4','Outro '),(1130,'pt_BR','Proethos2\\ModelBundle\\Entity\\RecruitmentStatus','name','8','Pendente'),(1131,'pt_BR','Proethos2\\ModelBundle\\Entity\\UploadType','name','1','Protocolo '),(1132,'pt_BR','Proethos2\\ModelBundle\\Entity\\UploadType','name','2','Outro'),(1133,'pt_BR','Proethos2\\ModelBundle\\Entity\\UploadType','name','3','Decisão'),(1134,'pt_BR','Proethos2\\ModelBundle\\Entity\\UploadType','name','11','Autorização institucional'),(1135,'pt_BR','Proethos2\\ModelBundle\\Entity\\UploadType','name','27','Apoio científico'),(1136,'pt_BR','Proethos2\\ModelBundle\\Entity\\UploadType','name','28','Bibliografia'),(1137,'pt_BR','Proethos2\\ModelBundle\\Entity\\UploadType','name','29','Cuestionário'),(1138,'pt_BR','Proethos2\\ModelBundle\\Entity\\UploadType','name','30','Opinião'),(1139,'pt_BR','Proethos2\\ModelBundle\\Entity\\UploadType','name','31','Opinião emitida por outro comitê'),(1140,'pt_BR','Proethos2\\ModelBundle\\Entity\\UploadType','name','32','Enquête'),(1141,'pt_BR','Proethos2\\ModelBundle\\Entity\\UploadType','name','33','Justificação de dispensa do consentimento'),(1142,'pt_BR','Proethos2\\ModelBundle\\Entity\\UploadType','name','34','Material de recrutamento/Informação do participante'),(1143,'pt_BR','Proethos2\\ModelBundle\\Entity\\UploadType','name','35','Apólice de seguro '),(1144,'pt_BR','Proethos2\\ModelBundle\\Entity\\UploadType','name','36','Estimação '),(1145,'pt_BR','Proethos2\\ModelBundle\\Entity\\UploadType','name','37','Protocolo com animais'),(1146,'pt_BR','Proethos2\\ModelBundle\\Entity\\UploadType','name','38','Relatório de evento adverso'),(1147,'pt_BR','Proethos2\\ModelBundle\\Entity\\UploadType','name','39','Resumo executivo'),(1148,'pt_BR','Proethos2\\ModelBundle\\Entity\\UploadType','name','40','Consentimento informado '),(1149,'pt_BR','Proethos2\\ModelBundle\\Entity\\UploadType','name','41','Protocolo'),(1150,'pt_BR','Proethos2\\ModelBundle\\Entity\\UploadType','name','42','Opinião'),(1151,'fr_FR','Proethos2\\ModelBundle\\Entity\\Help','message','201',''),(1152,'fr_FR','Proethos2\\ModelBundle\\Entity\\Help','message','202',''),(1153,'fr_FR','Proethos2\\ModelBundle\\Entity\\Help','message','203',''),(1154,'fr_FR','Proethos2\\ModelBundle\\Entity\\Help','message','204',''),(1155,'fr_FR','Proethos2\\ModelBundle\\Entity\\Help','message','205',''),(1156,'fr_FR','Proethos2\\ModelBundle\\Entity\\Help','message','206',''),(1157,'fr_FR','Proethos2\\ModelBundle\\Entity\\Help','message','207',''),(1158,'fr_FR','Proethos2\\ModelBundle\\Entity\\Help','message','208',''),(1159,'fr_FR','Proethos2\\ModelBundle\\Entity\\Help','message','209',''),(1160,'fr_FR','Proethos2\\ModelBundle\\Entity\\Help','message','210',''),(1161,'fr_FR','Proethos2\\ModelBundle\\Entity\\Help','message','211',''),(1162,'fr_FR','Proethos2\\ModelBundle\\Entity\\ClinicalTrialName','name','4','ClinicalTrials.gov'),(1163,'fr_FR','Proethos2\\ModelBundle\\Entity\\Country','name','1','Afghanistan'),(1164,'fr_FR','Proethos2\\ModelBundle\\Entity\\Country','name','2','Îles Åland'),(1165,'fr_FR','Proethos2\\ModelBundle\\Entity\\Country','name','3','Albanie'),(1166,'fr_FR','Proethos2\\ModelBundle\\Entity\\Country','name','4','Algérie'),(1167,'fr_FR','Proethos2\\ModelBundle\\Entity\\Country','name','5','Samoa américaines'),(1168,'fr_FR','Proethos2\\ModelBundle\\Entity\\Country','name','6','Andorre'),(1169,'fr_FR','Proethos2\\ModelBundle\\Entity\\Country','name','7','Angola'),(1170,'fr_FR','Proethos2\\ModelBundle\\Entity\\Country','name','8','Anguilla'),(1171,'fr_FR','Proethos2\\ModelBundle\\Entity\\Country','name','9','Antarctique'),(1172,'fr_FR','Proethos2\\ModelBundle\\Entity\\Country','name','10','Antigua-et-Barbuda'),(1173,'fr_FR','Proethos2\\ModelBundle\\Entity\\Country','name','11','Argentine'),(1174,'fr_FR','Proethos2\\ModelBundle\\Entity\\Country','name','12','Arménie'),(1175,'fr_FR','Proethos2\\ModelBundle\\Entity\\Country','name','13','Aruba'),(1176,'fr_FR','Proethos2\\ModelBundle\\Entity\\Country','name','14','Île de l?Ascension'),(1177,'fr_FR','Proethos2\\ModelBundle\\Entity\\Country','name','15','Australie'),(1178,'fr_FR','Proethos2\\ModelBundle\\Entity\\Country','name','16','Autriche'),(1179,'fr_FR','Proethos2\\ModelBundle\\Entity\\Country','name','17','Azerbaïdjan'),(1180,'fr_FR','Proethos2\\ModelBundle\\Entity\\Country','name','18','Bahamas'),(1181,'fr_FR','Proethos2\\ModelBundle\\Entity\\Country','name','19','Bahreïn'),(1182,'fr_FR','Proethos2\\ModelBundle\\Entity\\Country','name','20','Bangladesh'),(1183,'fr_FR','Proethos2\\ModelBundle\\Entity\\Country','name','21','Barbade'),(1184,'fr_FR','Proethos2\\ModelBundle\\Entity\\Country','name','22','Biélorussie'),(1185,'fr_FR','Proethos2\\ModelBundle\\Entity\\Country','name','23','Belgique'),(1186,'fr_FR','Proethos2\\ModelBundle\\Entity\\Country','name','24','Belize'),(1187,'fr_FR','Proethos2\\ModelBundle\\Entity\\Country','name','25','Bénin'),(1188,'fr_FR','Proethos2\\ModelBundle\\Entity\\Country','name','26','Bermudes'),(1189,'fr_FR','Proethos2\\ModelBundle\\Entity\\Country','name','27','Bhoutan'),(1190,'fr_FR','Proethos2\\ModelBundle\\Entity\\Country','name','28','Bolivie'),(1191,'fr_FR','Proethos2\\ModelBundle\\Entity\\Country','name','29','Bosnie-Herzégovine'),(1192,'fr_FR','Proethos2\\ModelBundle\\Entity\\Country','name','30','Botswana'),(1193,'fr_FR','Proethos2\\ModelBundle\\Entity\\Country','name','31','Brésil'),(1194,'fr_FR','Proethos2\\ModelBundle\\Entity\\Country','name','32','Territoire britannique de l?océan Indien'),(1195,'fr_FR','Proethos2\\ModelBundle\\Entity\\Country','name','33','Îles Vierges britanniques'),(1196,'fr_FR','Proethos2\\ModelBundle\\Entity\\Country','name','34','Brunéi Darussalam'),(1197,'fr_FR','Proethos2\\ModelBundle\\Entity\\Country','name','35','Bulgarie'),(1198,'fr_FR','Proethos2\\ModelBundle\\Entity\\Country','name','36','Burkina Faso'),(1199,'fr_FR','Proethos2\\ModelBundle\\Entity\\Country','name','37','Burundi'),(1200,'fr_FR','Proethos2\\ModelBundle\\Entity\\Country','name','38','Cambodge'),(1201,'fr_FR','Proethos2\\ModelBundle\\Entity\\Country','name','39','Cameroun'),(1202,'fr_FR','Proethos2\\ModelBundle\\Entity\\Country','name','40','Canada'),(1203,'fr_FR','Proethos2\\ModelBundle\\Entity\\Country','name','41','Îles Canaries'),(1204,'fr_FR','Proethos2\\ModelBundle\\Entity\\Country','name','42','Cap-Vert'),(1205,'fr_FR','Proethos2\\ModelBundle\\Entity\\Country','name','43','Pays-Bas caribéens'),(1206,'fr_FR','Proethos2\\ModelBundle\\Entity\\Country','name','44','Îles Caïmans'),(1207,'fr_FR','Proethos2\\ModelBundle\\Entity\\Country','name','45','République centrafricaine'),(1208,'fr_FR','Proethos2\\ModelBundle\\Entity\\Country','name','46','Ceuta et Melilla'),(1209,'fr_FR','Proethos2\\ModelBundle\\Entity\\Country','name','47','Tchad'),(1210,'fr_FR','Proethos2\\ModelBundle\\Entity\\Country','name','48','Chili'),(1211,'fr_FR','Proethos2\\ModelBundle\\Entity\\Country','name','49','Chine'),(1212,'fr_FR','Proethos2\\ModelBundle\\Entity\\Country','name','50','Île Christmas'),(1213,'fr_FR','Proethos2\\ModelBundle\\Entity\\Country','name','51','Îles Cocos'),(1214,'fr_FR','Proethos2\\ModelBundle\\Entity\\Country','name','52','Colombie'),(1215,'fr_FR','Proethos2\\ModelBundle\\Entity\\Country','name','53','Comores'),(1216,'fr_FR','Proethos2\\ModelBundle\\Entity\\Country','name','54','Congo-Brazzaville'),(1217,'fr_FR','Proethos2\\ModelBundle\\Entity\\Country','name','55','Congo-Kinshasa'),(1218,'fr_FR','Proethos2\\ModelBundle\\Entity\\Country','name','56','Îles Cook'),(1219,'fr_FR','Proethos2\\ModelBundle\\Entity\\Country','name','57','Costa Rica'),(1220,'fr_FR','Proethos2\\ModelBundle\\Entity\\Country','name','58','Côte d?Ivoire'),(1221,'fr_FR','Proethos2\\ModelBundle\\Entity\\Country','name','59','Croatie'),(1222,'fr_FR','Proethos2\\ModelBundle\\Entity\\Country','name','60','Cuba'),(1223,'fr_FR','Proethos2\\ModelBundle\\Entity\\Country','name','61','Curaçao'),(1224,'fr_FR','Proethos2\\ModelBundle\\Entity\\Country','name','62','Chypre'),(1225,'fr_FR','Proethos2\\ModelBundle\\Entity\\Country','name','63','République tchèque'),(1226,'fr_FR','Proethos2\\ModelBundle\\Entity\\Country','name','64','Danemark'),(1227,'fr_FR','Proethos2\\ModelBundle\\Entity\\Country','name','65','Diego Garcia'),(1228,'fr_FR','Proethos2\\ModelBundle\\Entity\\Country','name','66','Djibouti'),(1229,'fr_FR','Proethos2\\ModelBundle\\Entity\\Country','name','67','Dominique'),(1230,'fr_FR','Proethos2\\ModelBundle\\Entity\\Country','name','68','République dominicaine'),(1231,'fr_FR','Proethos2\\ModelBundle\\Entity\\Country','name','69','Équateur'),(1232,'fr_FR','Proethos2\\ModelBundle\\Entity\\Country','name','70','Égypte'),(1233,'fr_FR','Proethos2\\ModelBundle\\Entity\\Country','name','71','El Salvador'),(1234,'fr_FR','Proethos2\\ModelBundle\\Entity\\Country','name','72','Guinée équatoriale'),(1235,'fr_FR','Proethos2\\ModelBundle\\Entity\\Country','name','73','Érythrée'),(1236,'fr_FR','Proethos2\\ModelBundle\\Entity\\Country','name','74','Estonie'),(1237,'fr_FR','Proethos2\\ModelBundle\\Entity\\Country','name','75','Éthiopie'),(1238,'fr_FR','Proethos2\\ModelBundle\\Entity\\Country','name','76','Îles Malouines'),(1239,'fr_FR','Proethos2\\ModelBundle\\Entity\\Country','name','77','Îles Féroé'),(1240,'fr_FR','Proethos2\\ModelBundle\\Entity\\Country','name','78','Fidji'),(1241,'fr_FR','Proethos2\\ModelBundle\\Entity\\Country','name','79','Finlande'),(1242,'fr_FR','Proethos2\\ModelBundle\\Entity\\Country','name','80','France'),(1243,'fr_FR','Proethos2\\ModelBundle\\Entity\\Country','name','81','Guyane française'),(1244,'fr_FR','Proethos2\\ModelBundle\\Entity\\Country','name','82','Polynésie française'),(1245,'fr_FR','Proethos2\\ModelBundle\\Entity\\Country','name','83','Terres australes françaises'),(1246,'fr_FR','Proethos2\\ModelBundle\\Entity\\Country','name','84','Gabon'),(1247,'fr_FR','Proethos2\\ModelBundle\\Entity\\Country','name','85','Gambie'),(1248,'fr_FR','Proethos2\\ModelBundle\\Entity\\Country','name','86','Géorgie'),(1249,'fr_FR','Proethos2\\ModelBundle\\Entity\\Country','name','87','Allemagne'),(1250,'fr_FR','Proethos2\\ModelBundle\\Entity\\Country','name','88','Ghana'),(1251,'fr_FR','Proethos2\\ModelBundle\\Entity\\Country','name','89','Gibraltar'),(1252,'fr_FR','Proethos2\\ModelBundle\\Entity\\Country','name','90','Grèce'),(1253,'fr_FR','Proethos2\\ModelBundle\\Entity\\Country','name','91','Groenland'),(1254,'fr_FR','Proethos2\\ModelBundle\\Entity\\Country','name','92','Grenade'),(1255,'fr_FR','Proethos2\\ModelBundle\\Entity\\Country','name','93','Guadeloupe'),(1256,'fr_FR','Proethos2\\ModelBundle\\Entity\\Country','name','94','Guam'),(1257,'fr_FR','Proethos2\\ModelBundle\\Entity\\Country','name','95','Guatemala'),(1258,'fr_FR','Proethos2\\ModelBundle\\Entity\\Country','name','96','Guernesey'),(1259,'fr_FR','Proethos2\\ModelBundle\\Entity\\Country','name','97','Guinée'),(1260,'fr_FR','Proethos2\\ModelBundle\\Entity\\Country','name','98','Guinée-Bissau'),(1261,'fr_FR','Proethos2\\ModelBundle\\Entity\\Country','name','99','Guyana'),(1262,'fr_FR','Proethos2\\ModelBundle\\Entity\\Country','name','100','Haïti'),(1263,'fr_FR','Proethos2\\ModelBundle\\Entity\\Country','name','101','Honduras'),(1264,'fr_FR','Proethos2\\ModelBundle\\Entity\\Country','name','102','R.A.S. chinoise de Hong Kong'),(1265,'fr_FR','Proethos2\\ModelBundle\\Entity\\Country','name','103','Hongrie'),(1266,'fr_FR','Proethos2\\ModelBundle\\Entity\\Country','name','104','Islande'),(1267,'fr_FR','Proethos2\\ModelBundle\\Entity\\Country','name','105','Inde'),(1268,'fr_FR','Proethos2\\ModelBundle\\Entity\\Country','name','106','Indonésie'),(1269,'fr_FR','Proethos2\\ModelBundle\\Entity\\Country','name','107','Iran'),(1270,'fr_FR','Proethos2\\ModelBundle\\Entity\\Country','name','108','Irak'),(1271,'fr_FR','Proethos2\\ModelBundle\\Entity\\Country','name','109','Irlande'),(1272,'fr_FR','Proethos2\\ModelBundle\\Entity\\Country','name','110','Île de Man'),(1273,'fr_FR','Proethos2\\ModelBundle\\Entity\\Country','name','111','Israël'),(1274,'fr_FR','Proethos2\\ModelBundle\\Entity\\Country','name','112','Italie'),(1275,'fr_FR','Proethos2\\ModelBundle\\Entity\\Country','name','113','Jamaïque'),(1276,'fr_FR','Proethos2\\ModelBundle\\Entity\\Country','name','114','Japon'),(1277,'fr_FR','Proethos2\\ModelBundle\\Entity\\Country','name','115','Jersey'),(1278,'fr_FR','Proethos2\\ModelBundle\\Entity\\Country','name','116','Jordanie'),(1279,'fr_FR','Proethos2\\ModelBundle\\Entity\\Country','name','117','Kazakhstan'),(1280,'fr_FR','Proethos2\\ModelBundle\\Entity\\Country','name','118','Kenya'),(1281,'fr_FR','Proethos2\\ModelBundle\\Entity\\Country','name','119','Kiribati'),(1282,'fr_FR','Proethos2\\ModelBundle\\Entity\\Country','name','120','Kosovo'),(1283,'fr_FR','Proethos2\\ModelBundle\\Entity\\Country','name','121','Koweït'),(1284,'fr_FR','Proethos2\\ModelBundle\\Entity\\Country','name','122','Kirghizistan'),(1285,'fr_FR','Proethos2\\ModelBundle\\Entity\\Country','name','123','Laos'),(1286,'fr_FR','Proethos2\\ModelBundle\\Entity\\Country','name','124','Lettonie'),(1287,'fr_FR','Proethos2\\ModelBundle\\Entity\\Country','name','125','Liban'),(1288,'fr_FR','Proethos2\\ModelBundle\\Entity\\Country','name','126','Lesotho'),(1289,'fr_FR','Proethos2\\ModelBundle\\Entity\\Country','name','127','Libéria'),(1290,'fr_FR','Proethos2\\ModelBundle\\Entity\\Country','name','128','Libye'),(1291,'fr_FR','Proethos2\\ModelBundle\\Entity\\Country','name','129','Liechtenstein'),(1292,'fr_FR','Proethos2\\ModelBundle\\Entity\\Country','name','130','Lituanie'),(1293,'fr_FR','Proethos2\\ModelBundle\\Entity\\Country','name','131','Luxembourg'),(1294,'fr_FR','Proethos2\\ModelBundle\\Entity\\Country','name','132','R.A.S. chinoise de Macao'),(1295,'fr_FR','Proethos2\\ModelBundle\\Entity\\Country','name','133','Macédoine'),(1296,'fr_FR','Proethos2\\ModelBundle\\Entity\\Country','name','134','Madagascar'),(1297,'fr_FR','Proethos2\\ModelBundle\\Entity\\Country','name','135','Malawi'),(1298,'fr_FR','Proethos2\\ModelBundle\\Entity\\Country','name','136','Malaisie'),(1299,'fr_FR','Proethos2\\ModelBundle\\Entity\\Country','name','137','Maldives'),(1300,'fr_FR','Proethos2\\ModelBundle\\Entity\\Country','name','138','Mali'),(1301,'fr_FR','Proethos2\\ModelBundle\\Entity\\Country','name','139','Malte'),(1302,'fr_FR','Proethos2\\ModelBundle\\Entity\\Country','name','140','Îles Marshall'),(1303,'fr_FR','Proethos2\\ModelBundle\\Entity\\Country','name','141','Martinique'),(1304,'fr_FR','Proethos2\\ModelBundle\\Entity\\Country','name','142','Mauritanie'),(1305,'fr_FR','Proethos2\\ModelBundle\\Entity\\Country','name','143','Maurice'),(1306,'fr_FR','Proethos2\\ModelBundle\\Entity\\Country','name','144','Mayotte'),(1307,'fr_FR','Proethos2\\ModelBundle\\Entity\\Country','name','145','Mexique'),(1308,'fr_FR','Proethos2\\ModelBundle\\Entity\\Country','name','146','États fédérés de Micronésie'),(1309,'fr_FR','Proethos2\\ModelBundle\\Entity\\Country','name','147','Moldavie'),(1310,'fr_FR','Proethos2\\ModelBundle\\Entity\\Country','name','148','Monaco'),(1311,'fr_FR','Proethos2\\ModelBundle\\Entity\\Country','name','149','Mongolie'),(1312,'fr_FR','Proethos2\\ModelBundle\\Entity\\Country','name','150','Monténégro'),(1313,'fr_FR','Proethos2\\ModelBundle\\Entity\\Country','name','151','Montserrat'),(1314,'fr_FR','Proethos2\\ModelBundle\\Entity\\Country','name','152','Maroc'),(1315,'fr_FR','Proethos2\\ModelBundle\\Entity\\Country','name','153','Mozambique'),(1316,'fr_FR','Proethos2\\ModelBundle\\Entity\\Country','name','154','Myanmar'),(1317,'fr_FR','Proethos2\\ModelBundle\\Entity\\Country','name','155','Namibie'),(1318,'fr_FR','Proethos2\\ModelBundle\\Entity\\Country','name','156','Nauru'),(1319,'fr_FR','Proethos2\\ModelBundle\\Entity\\Country','name','157','Népal'),(1320,'fr_FR','Proethos2\\ModelBundle\\Entity\\Country','name','158','Pays-Bas'),(1321,'fr_FR','Proethos2\\ModelBundle\\Entity\\Country','name','159','Nouvelle-Calédonie'),(1322,'fr_FR','Proethos2\\ModelBundle\\Entity\\Country','name','160','Nouvelle-Zélande'),(1323,'fr_FR','Proethos2\\ModelBundle\\Entity\\Country','name','161','Nicaragua'),(1324,'fr_FR','Proethos2\\ModelBundle\\Entity\\Country','name','162','Niger'),(1325,'fr_FR','Proethos2\\ModelBundle\\Entity\\Country','name','163','Nigéria'),(1326,'fr_FR','Proethos2\\ModelBundle\\Entity\\Country','name','164','Niue'),(1327,'fr_FR','Proethos2\\ModelBundle\\Entity\\Country','name','165','Île Norfolk'),(1328,'fr_FR','Proethos2\\ModelBundle\\Entity\\Country','name','166','Corée du Nord'),(1329,'fr_FR','Proethos2\\ModelBundle\\Entity\\Country','name','167','Îles Mariannes du Nord'),(1330,'fr_FR','Proethos2\\ModelBundle\\Entity\\Country','name','168','Norvège'),(1331,'fr_FR','Proethos2\\ModelBundle\\Entity\\Country','name','169','Oman'),(1332,'fr_FR','Proethos2\\ModelBundle\\Entity\\Country','name','170','Pakistan'),(1333,'fr_FR','Proethos2\\ModelBundle\\Entity\\Country','name','171','Palaos'),(1334,'fr_FR','Proethos2\\ModelBundle\\Entity\\Country','name','172','Territoires palestiniens'),(1335,'fr_FR','Proethos2\\ModelBundle\\Entity\\Country','name','173','Panama'),(1336,'fr_FR','Proethos2\\ModelBundle\\Entity\\Country','name','174','Papouasie-Nouvelle-Guinée'),(1337,'fr_FR','Proethos2\\ModelBundle\\Entity\\Country','name','175','Paraguay'),(1338,'fr_FR','Proethos2\\ModelBundle\\Entity\\Country','name','176','Pérou'),(1339,'fr_FR','Proethos2\\ModelBundle\\Entity\\Country','name','177','Philippines'),(1340,'fr_FR','Proethos2\\ModelBundle\\Entity\\Country','name','178','Îles Pitcairn'),(1341,'fr_FR','Proethos2\\ModelBundle\\Entity\\Country','name','179','Pologne'),(1342,'fr_FR','Proethos2\\ModelBundle\\Entity\\Country','name','180','Portugal'),(1343,'fr_FR','Proethos2\\ModelBundle\\Entity\\Country','name','181','Porto Rico'),(1344,'fr_FR','Proethos2\\ModelBundle\\Entity\\Country','name','182','Qatar'),(1345,'fr_FR','Proethos2\\ModelBundle\\Entity\\Country','name','183','La Réunion'),(1346,'fr_FR','Proethos2\\ModelBundle\\Entity\\Country','name','184','Roumanie'),(1347,'fr_FR','Proethos2\\ModelBundle\\Entity\\Country','name','185','Russie'),(1348,'fr_FR','Proethos2\\ModelBundle\\Entity\\Country','name','186','Rwanda'),(1349,'fr_FR','Proethos2\\ModelBundle\\Entity\\Country','name','187','Samoa'),(1350,'fr_FR','Proethos2\\ModelBundle\\Entity\\Country','name','188','Saint-Marin'),(1351,'fr_FR','Proethos2\\ModelBundle\\Entity\\Country','name','189','Sao Tomé-et-Principe'),(1352,'fr_FR','Proethos2\\ModelBundle\\Entity\\Country','name','190','Arabie saoudite'),(1353,'fr_FR','Proethos2\\ModelBundle\\Entity\\Country','name','191','Sénégal'),(1354,'fr_FR','Proethos2\\ModelBundle\\Entity\\Country','name','192','Serbie'),(1355,'fr_FR','Proethos2\\ModelBundle\\Entity\\Country','name','193','Seychelles'),(1356,'fr_FR','Proethos2\\ModelBundle\\Entity\\Country','name','194','Sierra Leone'),(1357,'fr_FR','Proethos2\\ModelBundle\\Entity\\Country','name','195','Singapour'),(1358,'fr_FR','Proethos2\\ModelBundle\\Entity\\Country','name','196','Saint-Martin (partie néerlandaise)'),(1359,'fr_FR','Proethos2\\ModelBundle\\Entity\\Country','name','197','Slovaquie'),(1360,'fr_FR','Proethos2\\ModelBundle\\Entity\\Country','name','198','Slovénie'),(1361,'fr_FR','Proethos2\\ModelBundle\\Entity\\Country','name','199','Îles Salomon'),(1362,'fr_FR','Proethos2\\ModelBundle\\Entity\\Country','name','200','Somalie'),(1363,'fr_FR','Proethos2\\ModelBundle\\Entity\\Country','name','201','Afrique du Sud'),(1364,'fr_FR','Proethos2\\ModelBundle\\Entity\\Country','name','202','Géorgie du Sud et îles Sandwich du Sud'),(1365,'fr_FR','Proethos2\\ModelBundle\\Entity\\Country','name','203','Corée du Sud'),(1366,'fr_FR','Proethos2\\ModelBundle\\Entity\\Country','name','204','Soudan du Sud'),(1367,'fr_FR','Proethos2\\ModelBundle\\Entity\\Country','name','205','Espagne'),(1368,'fr_FR','Proethos2\\ModelBundle\\Entity\\Country','name','206','Sri Lanka'),(1369,'fr_FR','Proethos2\\ModelBundle\\Entity\\Country','name','207','Saint-Barthélemy'),(1370,'fr_FR','Proethos2\\ModelBundle\\Entity\\Country','name','208','Sainte-Hélène'),(1371,'fr_FR','Proethos2\\ModelBundle\\Entity\\Country','name','209','Saint-Christophe-et-Niévès'),(1372,'fr_FR','Proethos2\\ModelBundle\\Entity\\Country','name','210','Sainte-Lucie'),(1373,'fr_FR','Proethos2\\ModelBundle\\Entity\\Country','name','211','Saint-Martin'),(1374,'fr_FR','Proethos2\\ModelBundle\\Entity\\Country','name','212','Saint-Pierre-et-Miquelon'),(1375,'fr_FR','Proethos2\\ModelBundle\\Entity\\Country','name','213','Saint-Vincent-et-les-Grenadines'),(1376,'fr_FR','Proethos2\\ModelBundle\\Entity\\Country','name','214','Soudan'),(1377,'fr_FR','Proethos2\\ModelBundle\\Entity\\Country','name','215','Suriname'),(1378,'fr_FR','Proethos2\\ModelBundle\\Entity\\Country','name','216','Svalbard et Jan Mayen'),(1379,'fr_FR','Proethos2\\ModelBundle\\Entity\\Country','name','217','Swaziland'),(1380,'fr_FR','Proethos2\\ModelBundle\\Entity\\Country','name','218','Suède'),(1381,'fr_FR','Proethos2\\ModelBundle\\Entity\\Country','name','219','Suisse'),(1382,'fr_FR','Proethos2\\ModelBundle\\Entity\\Country','name','220','Syrie'),(1383,'fr_FR','Proethos2\\ModelBundle\\Entity\\Country','name','221','Taïwan'),(1384,'fr_FR','Proethos2\\ModelBundle\\Entity\\Country','name','222','Tadjikistan'),(1385,'fr_FR','Proethos2\\ModelBundle\\Entity\\Country','name','223','Tanzanie'),(1386,'fr_FR','Proethos2\\ModelBundle\\Entity\\Country','name','224','Thaïlande'),(1387,'fr_FR','Proethos2\\ModelBundle\\Entity\\Country','name','225','Timor oriental'),(1388,'fr_FR','Proethos2\\ModelBundle\\Entity\\Country','name','226','Togo'),(1389,'fr_FR','Proethos2\\ModelBundle\\Entity\\Country','name','227','Tokelau'),(1390,'fr_FR','Proethos2\\ModelBundle\\Entity\\Country','name','228','Tonga'),(1391,'fr_FR','Proethos2\\ModelBundle\\Entity\\Country','name','229','Trinité-et-Tobago'),(1392,'fr_FR','Proethos2\\ModelBundle\\Entity\\Country','name','230','Tristan da Cunha'),(1393,'fr_FR','Proethos2\\ModelBundle\\Entity\\Country','name','231','Tunisie'),(1394,'fr_FR','Proethos2\\ModelBundle\\Entity\\Country','name','232','Turquie'),(1395,'fr_FR','Proethos2\\ModelBundle\\Entity\\Country','name','233','Turkménistan'),(1396,'fr_FR','Proethos2\\ModelBundle\\Entity\\Country','name','234','Îles Turques-et-Caïques'),(1397,'fr_FR','Proethos2\\ModelBundle\\Entity\\Country','name','235','Tuvalu'),(1398,'fr_FR','Proethos2\\ModelBundle\\Entity\\Country','name','236','Îles mineures éloignées des États-Unis'),(1399,'fr_FR','Proethos2\\ModelBundle\\Entity\\Country','name','237','Îles Vierges des États-Unis'),(1400,'fr_FR','Proethos2\\ModelBundle\\Entity\\Country','name','238','Ouganda'),(1401,'fr_FR','Proethos2\\ModelBundle\\Entity\\Country','name','239','Ukraine'),(1402,'fr_FR','Proethos2\\ModelBundle\\Entity\\Country','name','240','Émirats arabes unis'),(1403,'fr_FR','Proethos2\\ModelBundle\\Entity\\Country','name','241','Royaume-Uni'),(1404,'fr_FR','Proethos2\\ModelBundle\\Entity\\Country','name','242','États-Unis'),(1405,'fr_FR','Proethos2\\ModelBundle\\Entity\\Country','name','243','Uruguay'),(1406,'fr_FR','Proethos2\\ModelBundle\\Entity\\Country','name','244','Ouzbékistan'),(1407,'fr_FR','Proethos2\\ModelBundle\\Entity\\Country','name','245','Vanuatu'),(1408,'fr_FR','Proethos2\\ModelBundle\\Entity\\Country','name','246','État de la Cité du Vatican'),(1409,'fr_FR','Proethos2\\ModelBundle\\Entity\\Country','name','247','Venezuela'),(1410,'fr_FR','Proethos2\\ModelBundle\\Entity\\Country','name','248','Vietnam'),(1411,'fr_FR','Proethos2\\ModelBundle\\Entity\\Country','name','249','Wallis-et-Futuna'),(1412,'fr_FR','Proethos2\\ModelBundle\\Entity\\Country','name','250','Sahara occidental'),(1413,'fr_FR','Proethos2\\ModelBundle\\Entity\\Country','name','251','Yémen'),(1414,'fr_FR','Proethos2\\ModelBundle\\Entity\\Country','name','252','Zambie'),(1415,'fr_FR','Proethos2\\ModelBundle\\Entity\\Country','name','253','Zimbabwe'),(1416,'fr_FR','Proethos2\\ModelBundle\\Entity\\Country','name','254','French Guiana'),(1417,'fr_FR','Proethos2\\ModelBundle\\Entity\\Country','name','258','French Polynesia'),(1418,'fr_FR','Proethos2\\ModelBundle\\Entity\\Country','name','260','French Southern Territories'),(1419,'fr_FR','Proethos2\\ModelBundle\\Entity\\Country','name','262','Djibouti'),(1420,'fr_FR','Proethos2\\ModelBundle\\Entity\\Country','name','266','Gabon'),(1421,'fr_FR','Proethos2\\ModelBundle\\Entity\\Country','name','268','Georgia'),(1422,'fr_FR','Proethos2\\ModelBundle\\Entity\\Country','name','270','Gambia'),(1423,'fr_FR','Proethos2\\ModelBundle\\Entity\\Country','name','275','Palestine, State of'),(1424,'fr_FR','Proethos2\\ModelBundle\\Entity\\Country','name','276','Germany'),(1425,'fr_FR','Proethos2\\ModelBundle\\Entity\\Country','name','288','Ghana'),(1426,'fr_FR','Proethos2\\ModelBundle\\Entity\\Country','name','292','Gibraltar'),(1427,'fr_FR','Proethos2\\ModelBundle\\Entity\\Country','name','296','Kiribati'),(1428,'fr_FR','Proethos2\\ModelBundle\\Entity\\Country','name','300','Greece'),(1429,'fr_FR','Proethos2\\ModelBundle\\Entity\\Country','name','304','Greenland'),(1430,'fr_FR','Proethos2\\ModelBundle\\Entity\\Country','name','308','Grenada'),(1431,'fr_FR','Proethos2\\ModelBundle\\Entity\\Country','name','312','Guadeloupe'),(1432,'fr_FR','Proethos2\\ModelBundle\\Entity\\Country','name','316','Guam'),(1433,'fr_FR','Proethos2\\ModelBundle\\Entity\\Country','name','320','Guatemala'),(1434,'fr_FR','Proethos2\\ModelBundle\\Entity\\Country','name','324','Guinea'),(1435,'fr_FR','Proethos2\\ModelBundle\\Entity\\Country','name','328','Guyana'),(1436,'fr_FR','Proethos2\\ModelBundle\\Entity\\Country','name','332','Haiti'),(1437,'fr_FR','Proethos2\\ModelBundle\\Entity\\Country','name','334','Heard Island and McDonald Islands'),(1438,'fr_FR','Proethos2\\ModelBundle\\Entity\\Country','name','336','Holy See'),(1439,'fr_FR','Proethos2\\ModelBundle\\Entity\\Country','name','340','Honduras'),(1440,'fr_FR','Proethos2\\ModelBundle\\Entity\\Country','name','344','Hong Kong'),(1441,'fr_FR','Proethos2\\ModelBundle\\Entity\\Country','name','348','Hungary'),(1442,'fr_FR','Proethos2\\ModelBundle\\Entity\\Country','name','352','Iceland'),(1443,'fr_FR','Proethos2\\ModelBundle\\Entity\\Country','name','356','India'),(1444,'fr_FR','Proethos2\\ModelBundle\\Entity\\Country','name','360','Indonesia'),(1445,'fr_FR','Proethos2\\ModelBundle\\Entity\\Country','name','364','Iran (Islamic Republic of)'),(1446,'fr_FR','Proethos2\\ModelBundle\\Entity\\Country','name','368','Iraq'),(1447,'fr_FR','Proethos2\\ModelBundle\\Entity\\Country','name','372','Ireland'),(1448,'fr_FR','Proethos2\\ModelBundle\\Entity\\Country','name','376','Israel'),(1449,'fr_FR','Proethos2\\ModelBundle\\Entity\\Country','name','380','Italy'),(1450,'fr_FR','Proethos2\\ModelBundle\\Entity\\Country','name','384','Côte d\'Ivoire'),(1451,'fr_FR','Proethos2\\ModelBundle\\Entity\\Country','name','388','Jamaica'),(1452,'fr_FR','Proethos2\\ModelBundle\\Entity\\Country','name','392','Japan'),(1453,'fr_FR','Proethos2\\ModelBundle\\Entity\\Country','name','398','Kazakhstan'),(1454,'fr_FR','Proethos2\\ModelBundle\\Entity\\Country','name','400','Jordan'),(1455,'fr_FR','Proethos2\\ModelBundle\\Entity\\Country','name','404','Kenya'),(1456,'fr_FR','Proethos2\\ModelBundle\\Entity\\Country','name','408','Korea (Democratic People\'s Republic of)'),(1457,'fr_FR','Proethos2\\ModelBundle\\Entity\\Country','name','410','Korea (Republic of)'),(1458,'fr_FR','Proethos2\\ModelBundle\\Entity\\Country','name','414','Kuwait'),(1459,'fr_FR','Proethos2\\ModelBundle\\Entity\\Country','name','417','Kyrgyzstan'),(1460,'fr_FR','Proethos2\\ModelBundle\\Entity\\Country','name','418','Lao People\'s Democratic Republic'),(1461,'fr_FR','Proethos2\\ModelBundle\\Entity\\Country','name','422','Lebanon'),(1462,'fr_FR','Proethos2\\ModelBundle\\Entity\\Country','name','426','Lesotho'),(1463,'fr_FR','Proethos2\\ModelBundle\\Entity\\Country','name','428','Latvia'),(1464,'fr_FR','Proethos2\\ModelBundle\\Entity\\Country','name','430','Liberia'),(1465,'fr_FR','Proethos2\\ModelBundle\\Entity\\Country','name','434','Libya'),(1466,'fr_FR','Proethos2\\ModelBundle\\Entity\\Country','name','438','Liechtenstein'),(1467,'fr_FR','Proethos2\\ModelBundle\\Entity\\Country','name','440','Lithuania'),(1468,'fr_FR','Proethos2\\ModelBundle\\Entity\\Country','name','442','Luxembourg'),(1469,'fr_FR','Proethos2\\ModelBundle\\Entity\\Country','name','446','Macao'),(1470,'fr_FR','Proethos2\\ModelBundle\\Entity\\Country','name','450','Madagascar'),(1471,'fr_FR','Proethos2\\ModelBundle\\Entity\\Country','name','454','Malawi'),(1472,'fr_FR','Proethos2\\ModelBundle\\Entity\\Country','name','458','Malaysia'),(1473,'fr_FR','Proethos2\\ModelBundle\\Entity\\Country','name','462','Maldives'),(1474,'fr_FR','Proethos2\\ModelBundle\\Entity\\Country','name','466','Mali'),(1475,'fr_FR','Proethos2\\ModelBundle\\Entity\\Country','name','470','Malta'),(1476,'fr_FR','Proethos2\\ModelBundle\\Entity\\Country','name','474','Martinique'),(1477,'fr_FR','Proethos2\\ModelBundle\\Entity\\Country','name','478','Mauritania'),(1478,'fr_FR','Proethos2\\ModelBundle\\Entity\\Country','name','480','Mauritius'),(1479,'fr_FR','Proethos2\\ModelBundle\\Entity\\Country','name','484','Mexico'),(1480,'fr_FR','Proethos2\\ModelBundle\\Entity\\Country','name','492','Monaco'),(1481,'fr_FR','Proethos2\\ModelBundle\\Entity\\Country','name','496','Mongolia'),(1482,'fr_FR','Proethos2\\ModelBundle\\Entity\\Country','name','498','Moldova (Republic of)'),(1483,'fr_FR','Proethos2\\ModelBundle\\Entity\\Country','name','499','Montenegro'),(1484,'fr_FR','Proethos2\\ModelBundle\\Entity\\Country','name','500','Montserrat'),(1485,'fr_FR','Proethos2\\ModelBundle\\Entity\\Country','name','504','Morocco'),(1486,'fr_FR','Proethos2\\ModelBundle\\Entity\\Country','name','508','Mozambique'),(1487,'fr_FR','Proethos2\\ModelBundle\\Entity\\Country','name','512','Oman'),(1488,'fr_FR','Proethos2\\ModelBundle\\Entity\\Country','name','516','Namibia'),(1489,'fr_FR','Proethos2\\ModelBundle\\Entity\\Country','name','520','Nauru'),(1490,'fr_FR','Proethos2\\ModelBundle\\Entity\\Country','name','524','Nepal'),(1491,'fr_FR','Proethos2\\ModelBundle\\Entity\\Country','name','528','Netherlands'),(1492,'fr_FR','Proethos2\\ModelBundle\\Entity\\Country','name','531','Curaçao'),(1493,'fr_FR','Proethos2\\ModelBundle\\Entity\\Country','name','533','Aruba'),(1494,'fr_FR','Proethos2\\ModelBundle\\Entity\\Country','name','534','Sint Maarten (Dutch part)'),(1495,'fr_FR','Proethos2\\ModelBundle\\Entity\\Country','name','535','Bonaire, Sint Eustatius and Saba'),(1496,'fr_FR','Proethos2\\ModelBundle\\Entity\\Country','name','540','New Caledonia'),(1497,'fr_FR','Proethos2\\ModelBundle\\Entity\\Country','name','548','Vanuatu'),(1498,'fr_FR','Proethos2\\ModelBundle\\Entity\\Country','name','554','New Zealand'),(1499,'fr_FR','Proethos2\\ModelBundle\\Entity\\Country','name','558','Nicaragua'),(1500,'fr_FR','Proethos2\\ModelBundle\\Entity\\Country','name','562','Niger'),(1501,'fr_FR','Proethos2\\ModelBundle\\Entity\\Country','name','566','Nigeria'),(1502,'fr_FR','Proethos2\\ModelBundle\\Entity\\Country','name','570','Niue'),(1503,'fr_FR','Proethos2\\ModelBundle\\Entity\\Country','name','574','Norfolk Island'),(1504,'fr_FR','Proethos2\\ModelBundle\\Entity\\Country','name','578','Norway'),(1505,'fr_FR','Proethos2\\ModelBundle\\Entity\\Country','name','580','Northern Mariana Islands'),(1506,'fr_FR','Proethos2\\ModelBundle\\Entity\\Country','name','581','United States Minor Outlying Islands'),(1507,'fr_FR','Proethos2\\ModelBundle\\Entity\\Country','name','583','Micronesia (Federated States of)'),(1508,'fr_FR','Proethos2\\ModelBundle\\Entity\\Country','name','584','Marshall Islands'),(1509,'fr_FR','Proethos2\\ModelBundle\\Entity\\Country','name','585','Palau'),(1510,'fr_FR','Proethos2\\ModelBundle\\Entity\\Country','name','586','Pakistan'),(1511,'fr_FR','Proethos2\\ModelBundle\\Entity\\Country','name','591','Panama'),(1512,'fr_FR','Proethos2\\ModelBundle\\Entity\\Country','name','598','Papua New Guinea'),(1513,'fr_FR','Proethos2\\ModelBundle\\Entity\\Country','name','600','Paraguay'),(1514,'fr_FR','Proethos2\\ModelBundle\\Entity\\Country','name','604','Peru'),(1515,'fr_FR','Proethos2\\ModelBundle\\Entity\\Country','name','608','Philippines'),(1516,'fr_FR','Proethos2\\ModelBundle\\Entity\\Country','name','612','Pitcairn'),(1517,'fr_FR','Proethos2\\ModelBundle\\Entity\\Country','name','616','Poland'),(1518,'fr_FR','Proethos2\\ModelBundle\\Entity\\Country','name','620','Portugal'),(1519,'fr_FR','Proethos2\\ModelBundle\\Entity\\Country','name','624','Guinea-Bissau'),(1520,'fr_FR','Proethos2\\ModelBundle\\Entity\\Country','name','626','Timor-Leste'),(1521,'fr_FR','Proethos2\\ModelBundle\\Entity\\Country','name','630','Puerto Rico'),(1522,'fr_FR','Proethos2\\ModelBundle\\Entity\\Country','name','634','Qatar'),(1523,'fr_FR','Proethos2\\ModelBundle\\Entity\\Country','name','638','Réunion'),(1524,'fr_FR','Proethos2\\ModelBundle\\Entity\\Country','name','642','Romania'),(1525,'fr_FR','Proethos2\\ModelBundle\\Entity\\Country','name','643','Russian Federation'),(1526,'fr_FR','Proethos2\\ModelBundle\\Entity\\Country','name','646','Rwanda'),(1527,'fr_FR','Proethos2\\ModelBundle\\Entity\\Country','name','652','Saint Barthélemy'),(1528,'fr_FR','Proethos2\\ModelBundle\\Entity\\Country','name','654','Saint Helena, Ascension and Tristan da Cunha'),(1529,'fr_FR','Proethos2\\ModelBundle\\Entity\\Country','name','659','Saint Kitts and Nevis'),(1530,'fr_FR','Proethos2\\ModelBundle\\Entity\\Country','name','660','Anguilla'),(1531,'fr_FR','Proethos2\\ModelBundle\\Entity\\Country','name','662','Saint Lucia'),(1532,'fr_FR','Proethos2\\ModelBundle\\Entity\\Country','name','663','Saint Martin (French part)'),(1533,'fr_FR','Proethos2\\ModelBundle\\Entity\\Country','name','666','Saint Pierre and Miquelon'),(1534,'fr_FR','Proethos2\\ModelBundle\\Entity\\Country','name','670','Saint Vincent and the Grenadines'),(1535,'fr_FR','Proethos2\\ModelBundle\\Entity\\Country','name','674','San Marino'),(1536,'fr_FR','Proethos2\\ModelBundle\\Entity\\Country','name','678','Sao Tome and Principe'),(1537,'fr_FR','Proethos2\\ModelBundle\\Entity\\Country','name','682','Saudi Arabia'),(1538,'fr_FR','Proethos2\\ModelBundle\\Entity\\Country','name','686','Senegal'),(1539,'fr_FR','Proethos2\\ModelBundle\\Entity\\Country','name','688','Serbia'),(1540,'fr_FR','Proethos2\\ModelBundle\\Entity\\Country','name','690','Seychelles'),(1541,'fr_FR','Proethos2\\ModelBundle\\Entity\\Country','name','694','Sierra Leone'),(1542,'fr_FR','Proethos2\\ModelBundle\\Entity\\Country','name','702','Singapore'),(1543,'fr_FR','Proethos2\\ModelBundle\\Entity\\Country','name','703','Slovakia'),(1544,'fr_FR','Proethos2\\ModelBundle\\Entity\\Country','name','704','Viet Nam'),(1545,'fr_FR','Proethos2\\ModelBundle\\Entity\\Country','name','705','Slovenia'),(1546,'fr_FR','Proethos2\\ModelBundle\\Entity\\Country','name','706','Somalia'),(1547,'fr_FR','Proethos2\\ModelBundle\\Entity\\Country','name','710','South Africa'),(1548,'fr_FR','Proethos2\\ModelBundle\\Entity\\Country','name','716','Zimbabwe'),(1549,'fr_FR','Proethos2\\ModelBundle\\Entity\\Country','name','724','Spain'),(1550,'fr_FR','Proethos2\\ModelBundle\\Entity\\Country','name','728','South Sudan'),(1551,'fr_FR','Proethos2\\ModelBundle\\Entity\\Country','name','729','Sudan'),(1552,'fr_FR','Proethos2\\ModelBundle\\Entity\\Country','name','732','Western Sahara'),(1553,'fr_FR','Proethos2\\ModelBundle\\Entity\\Country','name','740','Suriname'),(1554,'fr_FR','Proethos2\\ModelBundle\\Entity\\Country','name','744','Svalbard and Jan Mayen'),(1555,'fr_FR','Proethos2\\ModelBundle\\Entity\\Country','name','748','Swaziland'),(1556,'fr_FR','Proethos2\\ModelBundle\\Entity\\Country','name','752','Sweden'),(1557,'fr_FR','Proethos2\\ModelBundle\\Entity\\Country','name','756','Switzerland'),(1558,'fr_FR','Proethos2\\ModelBundle\\Entity\\Country','name','760','Syrian Arab Republic'),(1559,'fr_FR','Proethos2\\ModelBundle\\Entity\\Country','name','762','Tajikistan'),(1560,'fr_FR','Proethos2\\ModelBundle\\Entity\\Country','name','764','Thailand'),(1561,'fr_FR','Proethos2\\ModelBundle\\Entity\\Country','name','768','Togo'),(1562,'fr_FR','Proethos2\\ModelBundle\\Entity\\Country','name','772','Tokelau'),(1563,'fr_FR','Proethos2\\ModelBundle\\Entity\\Country','name','776','Tonga'),(1564,'fr_FR','Proethos2\\ModelBundle\\Entity\\Country','name','780','Trinidad and Tobago'),(1565,'fr_FR','Proethos2\\ModelBundle\\Entity\\Country','name','784','United Arab Emirates'),(1566,'fr_FR','Proethos2\\ModelBundle\\Entity\\Country','name','788','Tunisia'),(1567,'fr_FR','Proethos2\\ModelBundle\\Entity\\Country','name','792','Turkey'),(1568,'fr_FR','Proethos2\\ModelBundle\\Entity\\Country','name','795','Turkmenistan'),(1569,'fr_FR','Proethos2\\ModelBundle\\Entity\\Country','name','796','Turks and Caicos Islands'),(1570,'fr_FR','Proethos2\\ModelBundle\\Entity\\Country','name','798','Tuvalu'),(1571,'fr_FR','Proethos2\\ModelBundle\\Entity\\Country','name','800','Uganda'),(1572,'fr_FR','Proethos2\\ModelBundle\\Entity\\Country','name','804','Ukraine'),(1573,'fr_FR','Proethos2\\ModelBundle\\Entity\\Country','name','807','Macedonia (the former Yugoslav Republic of)'),(1574,'fr_FR','Proethos2\\ModelBundle\\Entity\\Country','name','818','Egypt'),(1575,'fr_FR','Proethos2\\ModelBundle\\Entity\\Country','name','826','United Kingdom of Great Britain and Northern Ireland'),(1576,'fr_FR','Proethos2\\ModelBundle\\Entity\\Country','name','831','Guernsey'),(1577,'fr_FR','Proethos2\\ModelBundle\\Entity\\Country','name','832','Jersey'),(1578,'fr_FR','Proethos2\\ModelBundle\\Entity\\Country','name','833','Isle of Man'),(1579,'fr_FR','Proethos2\\ModelBundle\\Entity\\Country','name','834','Tanzania, United Republic of'),(1580,'fr_FR','Proethos2\\ModelBundle\\Entity\\Country','name','840','États-Unis'),(1581,'fr_FR','Proethos2\\ModelBundle\\Entity\\Country','name','850','Virgin Islands (U.S.)'),(1582,'fr_FR','Proethos2\\ModelBundle\\Entity\\Country','name','854','Burkina Faso'),(1583,'fr_FR','Proethos2\\ModelBundle\\Entity\\Country','name','858','Uruguay'),(1584,'fr_FR','Proethos2\\ModelBundle\\Entity\\Country','name','860','Uzbekistan'),(1585,'fr_FR','Proethos2\\ModelBundle\\Entity\\Country','name','862','Venezuela (Bolivarian Republic of)'),(1586,'fr_FR','Proethos2\\ModelBundle\\Entity\\Country','name','876','Wallis and Futuna'),(1587,'fr_FR','Proethos2\\ModelBundle\\Entity\\Country','name','882','Samoa'),(1588,'fr_FR','Proethos2\\ModelBundle\\Entity\\Country','name','887','Yemen'),(1589,'fr_FR','Proethos2\\ModelBundle\\Entity\\Country','name','894','Zambia'),(1590,'fr_FR','Proethos2\\ModelBundle\\Entity\\UploadType','name','1','Protocole'),(1591,'fr_FR','Proethos2\\ModelBundle\\Entity\\UploadType','name','2','Autre'),(1592,'fr_FR','Proethos2\\ModelBundle\\Entity\\UploadType','name','3','Décision'),(1593,'fr_FR','Proethos2\\ModelBundle\\Entity\\UploadType','name','11','Autorisation institutionnel'),(1594,'fr_FR','Proethos2\\ModelBundle\\Entity\\UploadType','name','27','Appui scientifique '),(1595,'fr_FR','Proethos2\\ModelBundle\\Entity\\UploadType','name','28','Bibliographie'),(1596,'fr_FR','Proethos2\\ModelBundle\\Entity\\UploadType','name','29','Questionnaire'),(1597,'fr_FR','Proethos2\\ModelBundle\\Entity\\UploadType','name','30','Opinion'),(1598,'fr_FR','Proethos2\\ModelBundle\\Entity\\UploadType','name','32','Enquête'),(1599,'fr_FR','Proethos2\\ModelBundle\\Entity\\UploadType','name','35','Police à assurance'),(1600,'fr_FR','Proethos2\\ModelBundle\\Entity\\UploadType','name','37','Protocole avec animaux'),(1601,'fr_FR','Proethos2\\ModelBundle\\Entity\\UploadType','name','38','Rapport d\'un événement adverse'),(1602,'fr_FR','Proethos2\\ModelBundle\\Entity\\UploadType','name','39','Résumé exécutif'),(1603,'fr_FR','Proethos2\\ModelBundle\\Entity\\UploadType','name','41','Protocole'),(1604,'fr_FR','Proethos2\\ModelBundle\\Entity\\UploadType','name','42','Opinion'),(1606,'en','Proethos2\\ModelBundle\\Entity\\Help','message','401','Is the account activated'),(1607,'en','Proethos2\\ModelBundle\\Entity\\Help','message','224','Hello! \r\n\r\nThis is eamil it sent to inform you that the review assigned to the research application titled <b>%research_title%</b> cannot be completed due to a conflict of interest that has been declared by the assigned reviewer %name_of_reviewer%. Our system has been designed to ensure that all reviews are unbiased and impartial, and the identification of a conflict of interest is an important step in maintaining the integrity of the review process. We kindly request that you assign a new reviewer for this research application as soon as possible. Use the following link to assign another reviewer %inital_committee_review_url% \r\n\r\nRegards, \r\n\r\nCMHS REC');
/*!40000 ALTER TABLE `ext_translations` ENABLE KEYS */;
UNLOCK TABLES;

--
-- Table structure for table `faq`
--

DROP TABLE IF EXISTS `faq`;
/*!40101 SET @saved_cs_client     = @@character_set_client */;
/*!50503 SET character_set_client = utf8mb4 */;
CREATE TABLE `faq` (
  `id` int NOT NULL AUTO_INCREMENT,
  `created` datetime NOT NULL,
  `updated` datetime NOT NULL,
  `status` tinyint(1) NOT NULL,
  `question` varchar(255) COLLATE utf8mb3_unicode_ci NOT NULL,
  `answer` longtext COLLATE utf8mb3_unicode_ci NOT NULL,
  PRIMARY KEY (`id`)
) ENGINE=InnoDB AUTO_INCREMENT=6 DEFAULT CHARSET=utf8mb3 COLLATE=utf8mb3_unicode_ci;
/*!40101 SET character_set_client = @saved_cs_client */;

--
-- Dumping data for table `faq`
--

LOCK TABLES `faq` WRITE;
/*!40000 ALTER TABLE `faq` DISABLE KEYS */;
INSERT INTO `faq` VALUES (1,'2016-08-23 14:01:13','2016-08-23 14:01:13',1,'What is subject to ethics review?','<p>All research with human subjects should obtain ethics\r\napproval from a research ethics committee prior to its initiation. To meet the\r\ndefinition of research with human subjects, the proposal must constitute\r\nresearch and it must obtain information from human subjects. Research is\r\ndefined as any social science, biomedical, behavioral, or epidemiological\r\nactivity that entails systematic collection or analysis of data, with the\r\nintent to develop generalizable knowledge. Human subjects are defined as human\r\nbeings (i) who become individually identifiable through investigator’s\r\ncollection, preparation, or use of biological material or medical or other\r\nrecords, or (ii) who are exposed to manipulation, intervention, observation, or\r\nother interaction with investigators either directly or through alteration of\r\ntheir environment. Research with human subjects includes studies that use\r\ntissues, samples, data or records from humans, as well as studies that involve\r\nthe conduction of interviews, focus groups or surveys, or the observation of\r\nprivate behavior.</p>\r\n\r\n<p>Activities that do not constitute research with human\r\nsubjects are exempted from ethics review. These are activities that do not aim\r\nat the production of generalizable knowledge or do not involve human subjects\r\nin the ways described above. For example, the following activities do not\r\nconstitute research with human subjects and are thus exempted from ethics\r\nreview:</p>\r\n\r\n<ul><li>Studies using data that are publicly available or\r\ngenerated by observation of public behavior.</li></ul>\r\n\r\n<ul><li>Studies using data, samples, or tissue that already exist\r\n(i.e. the data, samples or tissue have been obtained by others) and are\r\nreceived by the research team in such a manner that the identity of the\r\nindividuals cannot be established.</li></ul>\r\n\r\n<ul><li>Public health activities conducted under recognized public\r\nhealth authority with the intent to prevent or control of disease or injury,\r\nincluding surveillance activities aimed only at the identification or control\r\nof a health problem. These are activities that seek the benefit of the\r\nparticipants or the participants’ communities, and do not intend to generate\r\nknowledge that is applicable to other populations.</li></ul>\r\n\r\n<ul><li>Quality assurance activities or program evaluations aimed\r\nat improving the program at stake, and with no intent to produce generalizable\r\nknowledge.</li></ul>\r\n\r\n<p>Projects might involve multiple components, some of which\r\nmight constitute research with human subjects while other components might not.\r\nThe components that constitute research with human subjects should undergo\r\nethics review. Determinations about whether a proposal is exempted from ethics\r\nreview should be made by an independent party such as an ethics review\r\ncommittee.</p>'),(2,'2016-08-23 14:01:48','2016-08-23 14:01:48',1,'What are the international ethical guidelines for research with human subjects?','<ul><li>Declaration of Helsinki of the World Medical Association\r\n(2013 revision): <a href=\"http://www.wma.net/en/30publications/10policies/b3/\" rel=\"nofollow\" target=\"_blank\">http://www.wma.net/en/30publications/10policies/b3/</a>\r\n</li></ul>\r\n\r\n<ul><li>International Ethical Guidelines for Biomedical Research\r\nInvolving Human Subjects of the Council for International Organizations of\r\nMedical Sciences (CIOMS): <a href=\"http://www.cioms.ch/publications/guidelines/guidelines_nov_2002_blurb.htm\" rel=\"nofollow\" target=\"_blank\">http://www.cioms.ch/publications/guidelines/guidelines_nov_2002_blurb.htm</a>\r\n</li></ul>\r\n\r\n<ul><li>International Guidelines for Ethical Review of\r\nEpidemiological Studies of the Council for International Organizations of\r\nMedical Sciences (CIOMS): <a href=\"http://www.cioms.ch/publications/guidelines/1991_texts_of_guidelines.htm\" rel=\"nofollow\" target=\"_blank\">http://www.cioms.ch/publications/guidelines/1991_texts_of_guidelines.htm</a>\r\n</li></ul>'),(3,'2016-08-23 14:02:10','2016-08-23 14:02:10',1,'What are the standards of each country for research with human subjects?','<ul><li>International\r\nCompilation of Human Research Standards (2015 edition): <a href=\"http://www.hhs.gov/ohrp/international/index.html\" rel=\"nofollow\" target=\"_blank\">http://www.hhs.gov/ohrp/international/index.html</a>\r\n</li></ul>'),(4,'2016-08-23 14:02:31','2016-08-23 14:02:31',1,'How should ethics review committees function?','<ul><li>Standards\r\nand Operational Guidance for Ethics Review of Health-Related Research with\r\nHuman Participants published by WHO: <a href=\"http://whqlibdoc.who.int/publications/2011/9789241502948_eng.pdf?ua=1\" rel=\"nofollow\" target=\"_blank\">http://whqlibdoc.who.int/publications/2011/9789241502948_eng.pdf?ua=1</a></li></ul>'),(5,'2016-08-23 14:04:01','2016-08-23 14:04:01',1,'Which questions should guide the ethics review of research with human subjects?','<ul><li>Social value: Can the study lead to improvements in health\r\nor well-being? What is the potential value of the research for each of the\r\nprospective beneficiaries?</li></ul>\r\n\r\n<ul><li>Scientific validity: Is the investigation methodologically\r\nvalid and scientifically (and statistically) sound? Will the study generate\r\nvalid and reliable data that can be generalizable? Is the study feasible? Does\r\nthe study design ensure participants the health-care interventions they are\r\nentitled to? If not, are there methodologically compelling reasons and are\r\nparticipants protected from serious harm?</li></ul>\r\n\r\n<ul><li>Fair participant selection: What are the criteria to include\r\nand exclude participants? Is selection of participants based on scientific\r\ncriteria? Are research participants selected to minimize risks and maximize\r\npotential benefits? If participants are vulnerable, are there any safeguards to\r\nprotect them? Are the risks and potential benefits of the study fairly\r\ndistributed?</li></ul>\r\n\r\n<ul><li>Favorable risk-benefit ratio: Can the risks for participants\r\nbe minimized? Can potential benefits for individuals and society be improved?\r\nDo the potential benefits for society and individuals outweigh the risks?</li></ul>\r\n\r\n<ul><li>Informed consent: Is the information provided to potential\r\nparticipants accurate, clear, relevant and complete? Are the recruitment\r\nprocedures, consent process and incentives appropriate for their culture and\r\ncontext? Is there an appropriate plan for obtaining permission for those that\r\ncan’t consent for themselves? Are the participants being made aware of their\r\nright to refuse to participate and are they actually free to refuse?</li></ul>\r\n\r\n<ul><li>Respect for participants: How will the health and well-being\r\nof participants be monitored to minimize harms? How will their privacy be\r\nprotected? Can participants withdraw from the study without penalty? What are\r\nthe plans of care after the study is completed? Will participants be given any\r\nnew information (including the results of the study)?</li></ul>\r\n\r\n<p>(Adapted from (1) Emanuel E, Wendler D, Grady C. An ethical\r\nframework for biomedical research. In: Emanuel E et al. eds. The Oxford\r\ntextbook of clinical research ethics. New York, NY: Oxford University Press;\r\n2008: 123-135. (2) Emanuel E, Wendler D, Grady C. What makes clinical research\r\nethical? JAMA 2000;283:2701-27711. (3) Emanuel E, Wendler D, Killen J, Grady C.\r\nWhat makes clinical research in developing countries ethical? The benchmarks of\r\nethical research. JID 2004;189:930-937.)</p>\r\n\r\n<br><br><br><br>');
/*!40000 ALTER TABLE `faq` ENABLE KEYS */;
UNLOCK TABLES;

--
-- Table structure for table `help`
--

DROP TABLE IF EXISTS `help`;
/*!40101 SET @saved_cs_client     = @@character_set_client */;
/*!50503 SET character_set_client = utf8mb4 */;
CREATE TABLE `help` (
  `id` int NOT NULL AUTO_INCREMENT,
  `created` datetime NOT NULL,
  `updated` datetime NOT NULL,
  `status` tinyint(1) NOT NULL,
  `type` varchar(32) COLLATE utf8mb3_unicode_ci NOT NULL,
  `message` longtext COLLATE utf8mb3_unicode_ci,
  PRIMARY KEY (`id`)
) ENGINE=InnoDB AUTO_INCREMENT=403 DEFAULT CHARSET=utf8mb3 COLLATE=utf8mb3_unicode_ci;
/*!40101 SET character_set_client = @saved_cs_client */;

--
-- Dumping data for table `help`
--

LOCK TABLES `help` WRITE;
/*!40000 ALTER TABLE `help` DISABLE KEYS */;
INSERT INTO `help` VALUES (1,'2016-06-16 14:11:28','2016-06-16 14:11:28',1,'help','Brief summary of the protocol'),(2,'2016-06-16 14:11:28','2016-06-16 14:11:28',1,'help','Key words pertaining to the protocol, separated by commas'),(3,'2016-06-16 14:11:28','2016-06-16 14:11:28',1,'help','Introductory information of the protocol'),(4,'2016-06-16 14:11:28','2016-06-16 14:11:28',1,'help','Justification of the study'),(5,'2016-06-16 14:11:28','2016-06-16 14:11:28',1,'help','Objectives of the study'),(8,'2016-06-16 14:11:29','2016-06-16 14:11:29',1,'help','Bibliography'),(9,'2016-06-16 14:11:29','2016-06-16 14:11:29',1,'help','Scientific Contact'),(10,'2016-06-16 14:11:29','2016-06-16 14:11:29',1,'help','Prior Ethical Approval'),(13,'2016-06-16 14:11:28','2016-06-16 14:11:28',1,'help','Is this submission a clinical trial?'),(14,'2016-06-16 14:11:28','2016-06-16 14:11:28',1,'help','Scientific title of the protocol'),(15,'2016-06-16 14:11:28','2016-06-16 14:11:28',1,'help','Public title of protocol'),(16,'2016-06-16 14:11:28','2016-06-16 14:11:28',1,'help','Does this protocol have an acronym?'),(19,'2016-06-16 14:11:28','2016-06-16 14:11:28',1,'help','Gender'),(20,'2016-06-16 14:11:28','2016-06-16 14:11:28',1,'help','Target sample size'),(21,'2016-06-16 14:11:28','2016-06-16 14:11:28',1,'help','Minimum Age'),(22,'2016-06-16 14:11:28','2016-06-16 14:11:28',1,'help','Maximum Age'),(34,'2016-06-16 14:11:28','2016-06-16 14:11:28',1,'help','Participants'),(56,'2016-06-16 14:11:29','2016-06-16 14:11:29',1,'help','Search for a user by name or email address'),(64,'2016-06-16 14:11:29','2016-06-16 14:11:29',1,'help','Search for a meeting by subject'),(65,'2016-06-16 14:11:29','2016-06-16 14:11:29',1,'help','Date'),(66,'2016-06-16 14:11:29','2016-06-16 14:11:29',1,'help','Subject'),(67,'2016-06-16 14:11:29','2016-06-16 14:11:29',1,'help','Content'),(70,'2016-06-16 14:11:29','2016-06-16 14:11:29',1,'help','Profile'),(72,'2016-06-16 14:11:29','2016-06-16 14:11:29',1,'help','Search for protocols by ID number, keywords or investigator\'s name'),(73,'2016-06-16 14:11:29','2016-06-16 14:11:29',1,'help','Protocol status'),(82,'2016-06-16 14:11:29','2016-06-16 14:11:29',1,'help','Search for protocols by ID number, keywords, or investigator\'s name'),(83,'2016-06-16 14:11:29','2016-06-16 14:11:29',1,'help','Protocol status'),(88,'2016-06-16 14:11:29','2016-06-16 14:11:29',1,'help','Search for a question'),(89,'2016-06-16 14:11:29','2016-06-16 14:11:29',1,'help','Question'),(90,'2016-06-16 14:11:29','2016-06-16 14:11:29',1,'help','Answer'),(91,'2016-06-16 14:11:29','2016-06-16 14:11:29',1,'help','Active?'),(92,'2016-06-16 14:11:29','2016-06-16 14:11:29',1,'help','Search for a document by title or user role'),(93,'2016-06-16 14:11:29','2016-06-16 14:11:29',1,'help','Title'),(94,'2016-06-16 14:11:29','2016-06-16 14:11:29',1,'help','Description'),(96,'2016-06-16 14:11:29','2016-06-16 14:11:29',1,'help','File'),(97,'2016-06-16 14:11:29','2016-06-16 14:11:29',1,'help','Active?'),(112,'2016-06-16 14:11:29','2016-06-16 14:11:29',1,'help','Committee screening'),(122,'2016-06-16 14:11:29','2016-06-16 14:11:29',1,'help','# of evaluations required'),(123,'2016-06-16 14:11:29','2016-06-16 14:11:29',1,'help','Select meeting date'),(124,'2016-06-16 14:11:29','2016-06-16 14:11:29',1,'help','Communicate decision'),(125,'2016-06-16 14:11:29','2016-06-16 14:11:29',1,'help','Final decision'),(126,'2016-06-16 14:11:29','2016-06-16 14:11:29',1,'help','Message'),(127,'2016-06-16 14:11:30','2016-06-16 14:11:30',1,'help','Reject submission'),(128,'2016-06-16 14:11:30','2016-06-16 14:11:30',1,'help','Reason why protocol is being returned'),(129,'2016-06-16 14:11:30','2016-06-16 14:11:30',1,'help','Accept submission'),(183,'2016-08-03 13:43:14','2016-08-03 13:43:14',1,'help','Decision'),(184,'2016-08-03 13:43:14','2016-08-03 13:43:14',1,'help','Is this a confidential message?'),(185,'2016-08-03 13:43:14','2016-08-03 13:43:14',1,'help','Monitoring time frame'),(198,'2016-09-01 13:21:20','2016-09-01 13:21:20',1,'help','Submission Language'),(199,'2019-02-21 15:42:08','2019-02-21 15:42:08',1,'help','Does my project need ethics review?'),(200,'2019-02-21 15:42:08','2019-02-21 15:42:08',1,'mail','Dear investigator,\r\n\r\nCMHS REC has accepted this monitoring action as a notification. It will not be reviewed by the committee.\r\n\r\nProtocol <b>%protocol_code%</b>: %protocol_url%\r\n\r\nRegards,\r\nCMHS REC'),(201,'2019-02-21 15:42:08','2019-02-21 15:42:08',1,'mail','Hello!\r\n\r\nA new monitoring action has been submitted.\r\n\r\nAccess the link below for more details.\r\n\r\nProtocol <b>%protocol_code%</b>: %protocol_url%\r\n\r\nRegards,\r\nCMHS REC'),(202,'2019-02-21 15:42:08','2019-02-21 15:42:08',1,'mail','Dear investigator,\r\n\r\nYour protocol was sent to ethics review.\r\nThe committee will now meet to review your protocol, and an official decision will be sent to you shortly.\r\n\r\nAccess the link below for more details:\r\n\r\n%protocol_url%\r\n\r\nRegards,\r\nCMHS REC'),(203,'2019-02-21 15:42:08','2019-02-21 15:42:08',1,'mail','Hello!\r\n\r\nYou have been registered in the CMHS REC platform.\r\n\r\nPlease access the link below and set your password:\r\n\r\n%reset_password_url%\r\n\r\nRegards,\r\nCMHS REC'),(204,'2019-02-21 15:42:08','2019-02-21 15:42:08',1,'mail','Hello!\r\n\r\nYour access has been validated in the CMHS REC platform.\r\n\r\nAccess the link below:\r\n\r\n%home_url%\r\n\r\nRegards,\r\nCMHS RECC'),(205,'2019-02-21 15:42:08','2019-02-21 15:42:08',1,'mail','Hello!\r\n\r\nA message was sent to CMHS REC administrator from platform.\r\n\r\n<b>User</b>: %username% (%email%)\r\n<b>Subject</b>: %subject%\r\n<b>Message</b>:\r\n%message%\r\n\r\nRegards,\r\nCMHS REC'),(206,'2019-02-21 15:42:08','2019-02-21 15:42:08',1,'mail','Hello!\r\n\r\nYou asked for a new password in CMHS REC platform.\r\n\r\nPlease access the link below to change your password:\r\n\r\n%reset_password_url%\r\n\r\nRegards,\r\nCMHS REC'),(207,'2019-02-21 15:42:08','2019-02-21 15:42:08',1,'mail','Hello!\r\n\r\nYou have been registered in the CMHS REC platform.\r\nPlease wait until your access has been validated.\r\nWe will send you an email.\r\n\r\nRegards,\r\nCMHS REC'),(208,'2019-02-21 15:42:08','2019-02-21 15:42:08',1,'mail','Hello!\r\n\r\nThere is a new user registered in the CMHS REC platform.\r\n\r\nPlease check and authorize this access.\r\n\r\n%home_url%\r\n\r\nRegards,\r\nCMHS REC'),(209,'2019-02-21 15:42:08','2019-02-21 15:42:08',1,'mail','Hello!\r\n\r\nYour protocol was rejected.\r\n\r\nAccess the link below for more details.\r\n\r\n%protocol_url%\r\n\r\nRegards,\r\nCMHS REC'),(210,'2019-02-21 15:42:08','2019-02-21 15:42:08',1,'mail','Hello! A new protocol needs your analysis.\r\n\r\nAccess the link below for more details.\r\n\r\nProtocol <b>%protocol_code%</b>: %protocol_url%\r\n\r\nRegards,\r\nCMHS REC'),(211,'2019-02-21 15:42:08','2019-02-21 15:42:08',1,'mail','Hello!\r\n\r\nYour protocol was sent to review.\r\n\r\nAccess the link below.\r\n\r\nProtocol <b>%protocol_code%</b>: %protocol_url%\r\n\r\nRegards,\r\nCMHS REC'),(212,'2019-02-21 15:42:08','2019-02-21 15:42:08',1,'mail','Dear investigator,\r\n\r\nCMHS REC conducted an initial review of your research proposal and determined it must pass through full ethics review before initiating the research.\r\nCMHS REC meets on the second Tuesday of each month to review complete proposals.\r\nCMHS REC observations are emailed to research teams shortly after each monthly meeting.\r\n\r\nInitial committee screening: %committee_screening%\r\n\r\nAccess the link below for more details.\r\n\r\nProtocol <b>%protocol_code%</b>: %protocol_url%\r\n\r\nRegards,\r\nCMHS REC'),(213,'2019-02-21 15:42:08','2019-02-21 15:42:08',1,'mail','Dear investigator,\r\n\r\nCMHS REC conducted an initial review of your research proposal and determined it must pass through full ethics review before initiating the research.\r\nCMHS REC meets on the second Tuesday of each month to review complete proposals.\r\nCMHS REC Observations are emailed to research teams shortly after each monthly meeting.\r\n\r\nAccess the link below for more details.\r\n\r\nProtocol <b>%protocol_code%</b>: %protocol_url%\r\n\r\nRegards,\r\nCMHS REC'),(214,'2019-02-21 15:42:08','2019-02-21 15:42:08',1,'mail','Dear investigator,\r\n\r\nWe write to you in regards to your research proposal, which you recently submitted to CMHS REC for ethics review.\r\nAttached you will find the official decision issued by the Committee for this proposal.\r\nThank you for your submission. We look forward to continue receiving your valuable contributions.\r\n\r\nAccess the link below for more details.\r\n\r\nProtocol <b>%protocol_code%</b>: %protocol_url%\r\n\r\nRegards,\r\nCMHS REC'),(215,'2019-02-21 15:42:08','2019-02-21 15:42:08',1,'mail','Dear Reviewer,\r\n\r\nWe are writing to inform you that you have been selected to participate in an ethical review of a research study entitled \"%protocol_title%\" submitted to our institution. Your expertise in the relevant field and experience with research ethics make you an ideal candidate for this task.\r\n\r\nBefore we can proceed with the ethical review process, we kindly ask that you complete a declaration of potential conflicts of interest. The declaration form can be accessed via the following link: %protocol_url%\r\n\r\nThank you for your cooperation.\r\n\r\nBest regards,\r\n\r\nCMHS REAMS'),(216,'2019-02-21 15:42:08','2019-02-21 15:42:08',1,'mail','Dear investigator,\r\n\r\nWe write to you in regards to your research proposal, which you recently submitted to CMHS REC for ethics review.\r\nAttached you will find the official decision issued by the Committee for this proposal.\r\nThank you for your submission. We look forward to continue receiving your valuable contributions.\r\n\r\nAccess the link below for more details.\r\n\r\nProtocol <b>%protocol_code%</b>: %protocol_url%\r\n\r\nRegards,\r\nCMHS REC'),(217,'2019-02-21 15:42:08','2019-02-21 15:42:08',1,'mail','Hello!\r\n\r\nA new protocol has been submitted.\r\n\r\nAccess the link below for more details.\r\n\r\n%protocol_url%\r\n\r\nRegards,\r\nCMHS REC'),(218,'2019-02-21 15:42:08','2019-02-21 15:42:08',1,'mail','Hello!\r\n\r\nA new comment has been submitted:\r\n\r\n\"%comment%\"\r\n\r\nAccess the link below for more details:\r\n\r\n%protocol_url%\r\n\r\nRegards,\r\nCMHS REC'),(219,'2019-02-21 15:42:08','2019-02-21 15:42:08',1,'mail','Hello!\r\n\r\nA new protocol review has been submitted.\r\n\r\nAccess the link below for more details:\r\n\r\nProtocol <b>%protocol_code%</b>: %protocol_url%\r\n\r\nRegards,\r\nCMHS REC'),(220,'2019-02-21 15:42:08','2019-02-21 15:42:08',1,'help','Clinical study activity'),(221,'2019-02-21 15:42:08','2019-02-21 15:42:08',1,'help','Activity description'),(222,'2019-02-21 15:42:08','2019-02-21 15:42:08',1,'help','Budget description'),(223,'2019-02-21 15:42:08','2019-02-21 15:42:08',1,'mail','Hello!\r\n\r\nThis is to remind you that protocol <b>%protocol_code%</b> has a pending monitoring action that is due on <b>%monitoring_date%</b>.\r\n\r\nPlease access your account in the system to present your monitoring action.\r\n\r\nRegards,\r\nCMHS REC'),(224,'2019-02-21 15:42:08','2019-02-21 15:42:08',1,'mail','Hello! \n\nThis is email is sent to inform you that the review assigned to the research application entitled \"<b>%research_title%</b>\" cannot be completed due to a conflict of interest that has been declared by the assigned reviewer %name_of_reviewer%. \n\nThe system has been designed to ensure that all reviews are unbiased and impartial, and the identification of a conflict of interest is an important step in maintaining the integrity of the review process. Please assign a new reviewer for this research proposal as soon as possible. Use the following link to assign another reviewer %inital_committee_review_url% \n\nRegards, \n\nCMHS REC'),(225,'2019-02-21 15:42:08','2019-02-21 15:42:08',1,'mail','Hello!\n<br />\nThis is email is sent to inform you that the review assigned to the research application entitled \"<b>%research_title%</b>\" cannot be completed because of the assigned reviewer %name_of_reviewer% declared the Reviewer Assurance Declaration.\n\nTherefore, the system requests that you assign a new reviewer to the protocol as soon as possible. Use the following link to assign another reviewer %inital_committee_review_url%\n\nRegards,\n\nCMHS REC'),(226,'2016-06-16 14:11:29','2016-06-16 14:11:29',1,'help','Limitations'),(300,'2016-06-16 14:11:29','2016-06-16 14:11:29',1,'help','Study design'),(301,'2016-06-16 14:11:29','2016-06-16 14:11:29',1,'help','Research Area and Period'),(302,'2016-06-16 14:11:29','2016-06-16 14:11:29',1,'help','Health Condition or Problem Studied'),(303,'2016-06-16 14:11:29','2016-06-16 14:11:29',1,'help','Study Subject'),(304,'2016-06-16 14:11:29','2016-06-16 14:11:29',1,'help','Source Population'),(305,'2016-06-16 14:11:29','2016-06-16 14:11:29',1,'help','Study Population'),(306,'2016-06-16 14:11:29','2016-06-16 14:11:29',1,'help','Sample Size Calculations'),(307,'2016-06-16 14:11:29','2016-06-16 14:11:29',1,'help','Sampling Techniques'),(308,'2016-06-16 14:11:29','2016-06-16 14:11:29',1,'help','Sampling Procedures'),(309,'2016-06-16 14:11:29','2016-06-16 14:11:29',1,'help','Dependent Variables'),(310,'2016-06-16 14:11:29','2016-06-16 14:11:29',1,'help','Independent Variables'),(311,'2016-06-16 14:11:29','2016-06-16 14:11:29',1,'help','Operational Definitions'),(312,'2016-06-16 14:11:29','2016-06-16 14:11:29',1,'help','Data Collection Tools'),(313,'2016-06-16 14:11:29','2016-06-16 14:11:29',1,'help','Data Collection Procedure'),(314,'2016-06-16 14:11:29','2016-06-16 14:11:29',1,'help','Data Quality Assurance'),(315,'2016-06-16 14:11:29','2016-06-16 14:11:29',1,'help','Data Management and Analysis'),(316,'2016-06-16 14:11:29','2016-06-16 14:11:29',1,'help','You selected Other study subject, Please specify'),(317,'2016-06-16 14:11:29','2016-06-16 14:11:29',1,'help','Inclusion criteria'),(318,'2016-06-16 14:11:29','2016-06-16 14:11:29',1,'help','Exclusion  criteria'),(319,'2016-06-16 14:11:29','2016-06-16 14:11:29',1,'help','Estimated date of initial recruitment'),(320,'2016-06-16 14:11:29','2016-06-16 14:11:29',1,'help','Recruitment Status'),(321,'2016-06-16 14:11:29','2016-06-16 14:11:29',1,'help','Interventions'),(322,'2016-06-16 14:11:29','2016-06-16 14:11:29',1,'help','Ethical Considerations'),(323,'2016-06-16 14:11:29','2016-06-16 14:11:29',1,'help','Limitations'),(401,'2016-06-16 14:11:29','2016-06-16 14:11:29',1,'help','Is the account activated'),(402,'2016-06-16 14:11:29','2016-06-16 14:11:29',1,'help','Responsible body for the task');
/*!40000 ALTER TABLE `help` ENABLE KEYS */;
UNLOCK TABLES;

--
-- Table structure for table `list_clinical_trial_name`
--

DROP TABLE IF EXISTS `list_clinical_trial_name`;
/*!40101 SET @saved_cs_client     = @@character_set_client */;
/*!50503 SET character_set_client = utf8mb4 */;
CREATE TABLE `list_clinical_trial_name` (
  `id` int NOT NULL AUTO_INCREMENT,
  `created` datetime NOT NULL,
  `updated` datetime NOT NULL,
  `name` varchar(255) COLLATE utf8mb3_unicode_ci NOT NULL,
  `slug` varchar(255) COLLATE utf8mb3_unicode_ci NOT NULL,
  `status` tinyint(1) NOT NULL,
  `code` varchar(255) COLLATE utf8mb3_unicode_ci DEFAULT NULL,
  PRIMARY KEY (`id`)
) ENGINE=InnoDB AUTO_INCREMENT=17 DEFAULT CHARSET=utf8mb3 COLLATE=utf8mb3_unicode_ci;
/*!40101 SET character_set_client = @saved_cs_client */;

--
-- Dumping data for table `list_clinical_trial_name`
--

LOCK TABLES `list_clinical_trial_name` WRITE;
/*!40000 ALTER TABLE `list_clinical_trial_name` DISABLE KEYS */;
INSERT INTO `list_clinical_trial_name` VALUES (1,'2016-01-01 00:00:00','2016-01-01 00:00:00','Australian New Zealand Clinical Trials Registry','australian-new-zealand-clinical-trials-registry',1,'ANZCTR'),(2,'2016-01-01 00:00:00','2016-01-01 00:00:00','Chinese Clinical Trial Registry','chinese-clinical-trial-registry',1,'ChiCTR'),(3,'2016-01-01 00:00:00','2016-01-01 00:00:00','Clinical Trials Registry - India','clinical-trials-registry-india',1,'CTRI'),(4,'2016-01-01 00:00:00','2016-01-01 00:00:00','Clinical Trials.gov','clinical-trials-gov',1,''),(5,'2016-01-01 00:00:00','2016-01-01 00:00:00','Cuban Public Registry of Clinical Trials','cuban-public-registry-of-clinical-trials',1,'RPCEC'),(6,'2016-01-01 00:00:00','2016-01-01 00:00:00','EU Clinical Trials Register','eu-clinical-trials-register',1,''),(7,'2016-01-01 00:00:00','2016-01-01 00:00:00','German Clinical Trials Register','german-clinical-trials-register',1,'DRKS'),(8,'2016-01-01 00:00:00','2016-01-01 00:00:00','International Standard Randomised Controlled Trial Number','ineternational-standard-randomised-controlled-trial-number',1,'ISRCTN.org'),(9,'2016-01-01 00:00:00','2016-01-01 00:00:00','Iranian Registry of Clinical Trials','iranian-registry-of-clinical-trials',1,'IRCT'),(10,'2016-01-01 00:00:00','2016-01-01 00:00:00','Japan Primary Registries Network','japan-primary-registries-network',1,'JPRN'),(11,'2016-01-01 00:00:00','2016-01-01 00:00:00','Netherlands National Trial Register','netherlands-national-trial-register',1,'NTR'),(12,'2016-01-01 00:00:00','2016-01-01 00:00:00','Pan African Clinical Trial Registry','pan-african-clinical-trial-registry',1,'PACTR'),(13,'2016-01-01 00:00:00','2016-01-01 00:00:00','Registro Brasileiro de Ensaios Clínicos','registro-brasileiro-de-ensaios-clínicos',1,'Rebec'),(14,'2016-01-01 00:00:00','2016-01-01 00:00:00','Registro Peruano de Ensayos Clínicos','registro-reruano-de-ensayos-clínicos',1,'REPEC'),(15,'2016-01-01 00:00:00','2016-01-01 00:00:00','Sri Lanka Clinical Trials Registry','sri-lanka-clinical-trials-registry',1,'SLCTR'),(16,'2016-01-01 00:00:00','2016-01-01 00:00:00','Universal Trial Number','universal-trial-number',1,'UTN');
/*!40000 ALTER TABLE `list_clinical_trial_name` ENABLE KEYS */;
UNLOCK TABLES;

--
-- Table structure for table `list_country`
--

DROP TABLE IF EXISTS `list_country`;
/*!40101 SET @saved_cs_client     = @@character_set_client */;
/*!50503 SET character_set_client = utf8mb4 */;
CREATE TABLE `list_country` (
  `id` int NOT NULL AUTO_INCREMENT,
  `created` datetime NOT NULL,
  `updated` datetime NOT NULL,
  `code` varchar(5) COLLATE utf8mb3_unicode_ci NOT NULL,
  `name` varchar(255) COLLATE utf8mb3_unicode_ci NOT NULL,
  PRIMARY KEY (`id`)
) ENGINE=InnoDB AUTO_INCREMENT=895 DEFAULT CHARSET=utf8mb3 COLLATE=utf8mb3_unicode_ci;
/*!40101 SET character_set_client = @saved_cs_client */;

--
-- Dumping data for table `list_country`
--

LOCK TABLES `list_country` WRITE;
/*!40000 ALTER TABLE `list_country` DISABLE KEYS */;
INSERT INTO `list_country` VALUES (1,'2016-06-21 14:32:00','2016-06-21 14:32:00','AF','Afghanistan'),(2,'2016-06-21 14:32:00','2016-06-21 14:32:00','AX','Åland Islands'),(3,'2016-06-21 14:32:00','2016-06-21 14:32:00','AL','Albania'),(4,'2016-06-21 14:32:00','2016-06-21 14:32:00','DZ','Algeria'),(5,'2016-06-21 14:32:00','2016-06-21 14:32:00','AS','American Samoa'),(6,'2016-06-21 14:32:00','2016-06-21 14:32:00','AD','Andorra'),(7,'2016-06-21 14:32:00','2016-06-21 14:32:00','AO','Angola'),(8,'2016-06-21 14:32:00','2016-06-21 14:32:00','AI','Anguilla'),(9,'2016-06-21 14:32:00','2016-06-21 14:32:00','AQ','Antarctica'),(10,'2016-06-21 14:32:00','2016-06-21 14:32:00','AG','Antigua & Barbuda'),(11,'2016-06-21 14:32:00','2016-06-21 14:32:00','AR','Argentina'),(12,'2016-06-21 14:32:00','2016-06-21 14:32:00','AM','Armenia'),(13,'2016-06-21 14:32:00','2016-06-21 14:32:00','AW','Aruba'),(14,'2016-06-21 14:32:00','2016-06-21 14:32:00','AC','Ascension Island'),(15,'2016-06-21 14:32:00','2016-06-21 14:32:00','AU','Australia'),(16,'2016-06-21 14:32:00','2016-06-21 14:32:00','AT','Austria'),(17,'2016-06-21 14:32:00','2016-06-21 14:32:00','AZ','Azerbaijan'),(18,'2016-06-21 14:32:00','2016-06-21 14:32:00','BS','Bahamas'),(19,'2016-06-21 14:32:00','2016-06-21 14:32:00','BH','Bahrain'),(20,'2016-06-21 14:32:00','2016-06-21 14:32:00','BD','Bangladesh'),(21,'2016-06-21 14:32:00','2016-06-21 14:32:00','BB','Barbados'),(22,'2016-06-21 14:32:00','2016-06-21 14:32:00','BY','Belarus'),(23,'2016-06-21 14:32:00','2016-06-21 14:32:00','BE','Belgium'),(24,'2016-06-21 14:32:00','2016-06-21 14:32:00','BZ','Belize'),(25,'2016-06-21 14:32:00','2016-06-21 14:32:00','BJ','Benin'),(26,'2016-06-21 14:32:00','2016-06-21 14:32:00','BM','Bermuda'),(27,'2016-06-21 14:32:00','2016-06-21 14:32:00','BT','Bhutan'),(28,'2016-06-21 14:32:00','2016-06-21 14:32:00','BO','Bolivia'),(29,'2016-06-21 14:32:00','2016-06-21 14:32:00','BA','Bosnia & Herzegovina'),(30,'2016-06-21 14:32:00','2016-06-21 14:32:00','BW','Botswana'),(31,'2016-06-21 14:32:00','2016-06-21 14:32:00','BR','Brazil'),(32,'2016-06-21 14:32:00','2016-06-21 14:32:00','IO','British Indian Ocean Territory'),(33,'2016-06-21 14:32:00','2016-06-21 14:32:00','VG','British Virgin Islands'),(34,'2016-06-21 14:32:00','2016-06-21 14:32:00','BN','Brunei'),(35,'2016-06-21 14:32:00','2016-06-21 14:32:00','BG','Bulgaria'),(36,'2016-06-21 14:32:00','2016-06-21 14:32:00','BF','Burkina Faso'),(37,'2016-06-21 14:32:00','2016-06-21 14:32:00','BI','Burundi'),(38,'2016-06-21 14:32:00','2016-06-21 14:32:00','KH','Cambodia'),(39,'2016-06-21 14:32:00','2016-06-21 14:32:00','CM','Cameroon'),(40,'2016-06-21 14:32:00','2016-06-21 14:32:00','CA','Canada'),(41,'2016-06-21 14:32:00','2016-06-21 14:32:00','IC','Canary Islands'),(42,'2016-06-21 14:32:00','2016-06-21 14:32:00','CV','Cape Verde'),(43,'2016-06-21 14:32:00','2016-06-21 14:32:00','BQ','Caribbean Netherlands'),(44,'2016-06-21 14:32:00','2016-06-21 14:32:00','KY','Cayman Islands'),(45,'2016-06-21 14:32:00','2016-06-21 14:32:00','CF','Central African Republic'),(46,'2016-06-21 14:32:00','2016-06-21 14:32:00','EA','Ceuta & Melilla'),(47,'2016-06-21 14:32:00','2016-06-21 14:32:00','TD','Chad'),(48,'2016-06-21 14:32:00','2016-06-21 14:32:00','CL','Chile'),(49,'2016-06-21 14:32:00','2016-06-21 14:32:00','CN','China'),(50,'2016-06-21 14:32:00','2016-06-21 14:32:00','CX','Christmas Island'),(51,'2016-06-21 14:32:00','2016-06-21 14:32:00','CC','Cocos (Keeling) Islands'),(52,'2016-06-21 14:32:00','2016-06-21 14:32:00','CO','Colombia'),(53,'2016-06-21 14:32:00','2016-06-21 14:32:00','KM','Comoros'),(54,'2016-06-21 14:32:00','2016-06-21 14:32:00','CG','Congo - Brazzaville'),(55,'2016-06-21 14:32:00','2016-06-21 14:32:00','CD','Congo - Kinshasa'),(56,'2016-06-21 14:32:00','2016-06-21 14:32:00','CK','Cook Islands'),(57,'2016-06-21 14:32:00','2016-06-21 14:32:00','CR','Costa Rica'),(58,'2016-06-21 14:32:00','2016-06-21 14:32:00','CI','Côte d’Ivoire'),(59,'2016-06-21 14:32:00','2016-06-21 14:32:00','HR','Croatia'),(60,'2016-06-21 14:32:00','2016-06-21 14:32:00','CU','Cuba'),(61,'2016-06-21 14:32:00','2016-06-21 14:32:00','CW','Curaçao'),(62,'2016-06-21 14:32:00','2016-06-21 14:32:00','CY','Cyprus'),(63,'2016-06-21 14:32:00','2016-06-21 14:32:00','CZ','Czech Republic'),(64,'2016-06-21 14:32:00','2016-06-21 14:32:00','DK','Denmark'),(65,'2016-06-21 14:32:00','2016-06-21 14:32:00','DG','Diego Garcia'),(66,'2016-06-21 14:32:00','2016-06-21 14:32:00','DJ','Djibouti'),(67,'2016-06-21 14:32:00','2016-06-21 14:32:00','DM','Dominica'),(68,'2016-06-21 14:32:00','2016-06-21 14:32:00','DO','Dominican Republic'),(69,'2016-06-21 14:32:00','2016-06-21 14:32:00','EC','Ecuador'),(70,'2016-06-21 14:32:00','2016-06-21 14:32:00','EG','Egypt'),(71,'2016-06-21 14:32:00','2016-06-21 14:32:00','SV','El Salvador'),(72,'2016-06-21 14:32:00','2016-06-21 14:32:00','GQ','Equatorial Guinea'),(73,'2016-06-21 14:32:00','2016-06-21 14:32:00','ER','Eritrea'),(74,'2016-06-21 14:32:00','2016-06-21 14:32:00','EE','Estonia'),(75,'2016-06-21 14:32:00','2016-06-21 14:32:00','ET','Ethiopia'),(76,'2016-06-21 14:32:00','2016-06-21 14:32:00','FK','Falkland Islands'),(77,'2016-06-21 14:32:00','2016-06-21 14:32:00','FO','Faroe Islands'),(78,'2016-06-21 14:32:00','2016-06-21 14:32:00','FJ','Fiji'),(79,'2016-06-21 14:32:00','2016-06-21 14:32:00','FI','Finland'),(80,'2016-06-21 14:32:00','2016-06-21 14:32:00','FR','France'),(81,'2016-06-21 14:32:00','2016-06-21 14:32:00','GF','French Guiana'),(82,'2016-06-21 14:32:00','2016-06-21 14:32:00','PF','French Polynesia'),(83,'2016-06-21 14:32:00','2016-06-21 14:32:00','TF','French Southern Territories'),(84,'2016-06-21 14:32:00','2016-06-21 14:32:00','GA','Gabon'),(85,'2016-06-21 14:32:00','2016-06-21 14:32:00','GM','Gambia'),(86,'2016-06-21 14:32:00','2016-06-21 14:32:00','GE','Georgia'),(87,'2016-06-21 14:32:00','2016-06-21 14:32:00','DE','Germany'),(88,'2016-06-21 14:32:00','2016-06-21 14:32:00','GH','Ghana'),(89,'2016-06-21 14:32:00','2016-06-21 14:32:00','GI','Gibraltar'),(90,'2016-06-21 14:32:00','2016-06-21 14:32:00','GR','Greece'),(91,'2016-06-21 14:32:00','2016-06-21 14:32:00','GL','Greenland'),(92,'2016-06-21 14:32:00','2016-06-21 14:32:00','GD','Grenada'),(93,'2016-06-21 14:32:00','2016-06-21 14:32:00','GP','Guadeloupe'),(94,'2016-06-21 14:32:00','2016-06-21 14:32:00','GU','Guam'),(95,'2016-06-21 14:32:00','2016-06-21 14:32:00','GT','Guatemala'),(96,'2016-06-21 14:32:00','2016-06-21 14:32:00','GG','Guernsey'),(97,'2016-06-21 14:32:00','2016-06-21 14:32:00','GN','Guinea'),(98,'2016-06-21 14:32:00','2016-06-21 14:32:00','GW','Guinea-Bissau'),(99,'2016-06-21 14:32:00','2016-06-21 14:32:00','GY','Guyana'),(100,'2016-06-21 14:32:00','2016-06-21 14:32:00','HT','Haiti'),(101,'2016-06-21 14:32:00','2016-06-21 14:32:00','HN','Honduras'),(102,'2016-06-21 14:32:00','2016-06-21 14:32:00','HK','Hong Kong SAR China'),(103,'2016-06-21 14:32:00','2016-06-21 14:32:00','HU','Hungary'),(104,'2016-06-21 14:32:00','2016-06-21 14:32:00','IS','Iceland'),(105,'2016-06-21 14:32:00','2016-06-21 14:32:00','IN','India'),(106,'2016-06-21 14:32:00','2016-06-21 14:32:00','ID','Indonesia'),(107,'2016-06-21 14:32:00','2016-06-21 14:32:00','IR','Iran'),(108,'2016-06-21 14:32:00','2016-06-21 14:32:00','IQ','Iraq'),(109,'2016-06-21 14:32:00','2016-06-21 14:32:00','IE','Ireland'),(110,'2016-06-21 14:32:00','2016-06-21 14:32:00','IM','Isle of Man'),(111,'2016-06-21 14:32:00','2016-06-21 14:32:00','IL','Israel'),(112,'2016-06-21 14:32:00','2016-06-21 14:32:00','IT','Italy'),(113,'2016-06-21 14:32:00','2016-06-21 14:32:00','JM','Jamaica'),(114,'2016-06-21 14:32:00','2016-06-21 14:32:00','JP','Japan'),(115,'2016-06-21 14:32:00','2016-06-21 14:32:00','JE','Jersey'),(116,'2016-06-21 14:32:00','2016-06-21 14:32:00','JO','Jordan'),(117,'2016-06-21 14:32:00','2016-06-21 14:32:00','KZ','Kazakhstan'),(118,'2016-06-21 14:32:00','2016-06-21 14:32:00','KE','Kenya'),(119,'2016-06-21 14:32:00','2016-06-21 14:32:00','KI','Kiribati'),(120,'2016-06-21 14:32:00','2016-06-21 14:32:00','XK','Kosovo'),(121,'2016-06-21 14:32:00','2016-06-21 14:32:00','KW','Kuwait'),(122,'2016-06-21 14:32:00','2016-06-21 14:32:00','KG','Kyrgyzstan'),(123,'2016-06-21 14:32:00','2016-06-21 14:32:00','LA','Laos'),(124,'2016-06-21 14:32:00','2016-06-21 14:32:00','LV','Latvia'),(125,'2016-06-21 14:32:00','2016-06-21 14:32:00','LB','Lebanon'),(126,'2016-06-21 14:32:00','2016-06-21 14:32:00','LS','Lesotho'),(127,'2016-06-21 14:32:00','2016-06-21 14:32:00','LR','Liberia'),(128,'2016-06-21 14:32:00','2016-06-21 14:32:00','LY','Libya'),(129,'2016-06-21 14:32:00','2016-06-21 14:32:00','LI','Liechtenstein'),(130,'2016-06-21 14:32:00','2016-06-21 14:32:00','LT','Lithuania'),(131,'2016-06-21 14:32:00','2016-06-21 14:32:00','LU','Luxembourg'),(132,'2016-06-21 14:32:00','2016-06-21 14:32:00','MO','Macau SAR China'),(133,'2016-06-21 14:32:00','2016-06-21 14:32:00','MK','Macedonia'),(134,'2016-06-21 14:32:00','2016-06-21 14:32:00','MG','Madagascar'),(135,'2016-06-21 14:32:00','2016-06-21 14:32:00','MW','Malawi'),(136,'2016-06-21 14:32:00','2016-06-21 14:32:00','MY','Malaysia'),(137,'2016-06-21 14:32:00','2016-06-21 14:32:00','MV','Maldives'),(138,'2016-06-21 14:32:00','2016-06-21 14:32:00','ML','Mali'),(139,'2016-06-21 14:32:00','2016-06-21 14:32:00','MT','Malta'),(140,'2016-06-21 14:32:00','2016-06-21 14:32:00','MH','Marshall Islands'),(141,'2016-06-21 14:32:00','2016-06-21 14:32:00','MQ','Martinique'),(142,'2016-06-21 14:32:00','2016-06-21 14:32:00','MR','Mauritania'),(143,'2016-06-21 14:32:00','2016-06-21 14:32:00','MU','Mauritius'),(144,'2016-06-21 14:32:00','2016-06-21 14:32:00','YT','Mayotte'),(145,'2016-06-21 14:32:00','2016-06-21 14:32:00','MX','Mexico'),(146,'2016-06-21 14:32:00','2016-06-21 14:32:00','FM','Micronesia'),(147,'2016-06-21 14:32:00','2016-06-21 14:32:00','MD','Moldova'),(148,'2016-06-21 14:32:00','2016-06-21 14:32:00','MC','Monaco'),(149,'2016-06-21 14:32:00','2016-06-21 14:32:00','MN','Mongolia'),(150,'2016-06-21 14:32:00','2016-06-21 14:32:00','ME','Montenegro'),(151,'2016-06-21 14:32:00','2016-06-21 14:32:00','MS','Montserrat'),(152,'2016-06-21 14:32:00','2016-06-21 14:32:00','MA','Morocco'),(153,'2016-06-21 14:32:00','2016-06-21 14:32:00','MZ','Mozambique'),(154,'2016-06-21 14:32:00','2016-06-21 14:32:00','MM','Myanmar (Burma)'),(155,'2016-06-21 14:32:00','2016-06-21 14:32:00','NA','Namibia'),(156,'2016-06-21 14:32:00','2016-06-21 14:32:00','NR','Nauru'),(157,'2016-06-21 14:32:00','2016-06-21 14:32:00','NP','Nepal'),(158,'2016-06-21 14:32:00','2016-06-21 14:32:00','NL','Netherlands'),(159,'2016-06-21 14:32:00','2016-06-21 14:32:00','NC','New Caledonia'),(160,'2016-06-21 14:32:00','2016-06-21 14:32:00','NZ','New Zealand'),(161,'2016-06-21 14:32:00','2016-06-21 14:32:00','NI','Nicaragua'),(162,'2016-06-21 14:32:00','2016-06-21 14:32:00','NE','Niger'),(163,'2016-06-21 14:32:00','2016-06-21 14:32:00','NG','Nigeria'),(164,'2016-06-21 14:32:00','2016-06-21 14:32:00','NU','Niue'),(165,'2016-06-21 14:32:00','2016-06-21 14:32:00','NF','Norfolk Island'),(166,'2016-06-21 14:32:00','2016-06-21 14:32:00','KP','North Korea'),(167,'2016-06-21 14:32:00','2016-06-21 14:32:00','MP','Northern Mariana Islands'),(168,'2016-06-21 14:32:00','2016-06-21 14:32:00','NO','Norway'),(169,'2016-06-21 14:32:00','2016-06-21 14:32:00','OM','Oman'),(170,'2016-06-21 14:32:00','2016-06-21 14:32:00','PK','Pakistan'),(171,'2016-06-21 14:32:00','2016-06-21 14:32:00','PW','Palau'),(172,'2016-06-21 14:32:00','2016-06-21 14:32:00','PS','Palestinian Territories'),(173,'2016-06-21 14:32:00','2016-06-21 14:32:00','PA','Panama'),(174,'2016-06-21 14:32:00','2016-06-21 14:32:00','PG','Papua New Guinea'),(175,'2016-06-21 14:32:00','2016-06-21 14:32:00','PY','Paraguay'),(176,'2016-06-21 14:32:00','2016-06-21 14:32:00','PE','Peru'),(177,'2016-06-21 14:32:00','2016-06-21 14:32:00','PH','Philippines'),(178,'2016-06-21 14:32:00','2016-06-21 14:32:00','PN','Pitcairn Islands'),(179,'2016-06-21 14:32:00','2016-06-21 14:32:00','PL','Poland'),(180,'2016-06-21 14:32:00','2016-06-21 14:32:00','PT','Portugal'),(181,'2016-06-21 14:32:00','2016-06-21 14:32:00','PR','Puerto Rico'),(182,'2016-06-21 14:32:00','2016-06-21 14:32:00','QA','Qatar'),(183,'2016-06-21 14:32:00','2016-06-21 14:32:00','RE','Réunion'),(184,'2016-06-21 14:32:00','2016-06-21 14:32:00','RO','Romania'),(185,'2016-06-21 14:32:00','2016-06-21 14:32:00','RU','Russia'),(186,'2016-06-21 14:32:00','2016-06-21 14:32:00','RW','Rwanda'),(187,'2016-06-21 14:32:00','2016-06-21 14:32:00','WS','Samoa'),(188,'2016-06-21 14:32:00','2016-06-21 14:32:00','SM','San Marino'),(189,'2016-06-21 14:32:00','2016-06-21 14:32:00','ST','São Tomé & Príncipe'),(190,'2016-06-21 14:32:00','2016-06-21 14:32:00','SA','Saudi Arabia'),(191,'2016-06-21 14:32:00','2016-06-21 14:32:00','SN','Senegal'),(192,'2016-06-21 14:32:00','2016-06-21 14:32:00','RS','Serbia'),(193,'2016-06-21 14:32:00','2016-06-21 14:32:00','SC','Seychelles'),(194,'2016-06-21 14:32:00','2016-06-21 14:32:00','SL','Sierra Leone'),(195,'2016-06-21 14:32:00','2016-06-21 14:32:00','SG','Singapore'),(196,'2016-06-21 14:32:00','2016-06-21 14:32:00','SX','Sint Maarten'),(197,'2016-06-21 14:32:00','2016-06-21 14:32:00','SK','Slovakia'),(198,'2016-06-21 14:32:00','2016-06-21 14:32:00','SI','Slovenia'),(199,'2016-06-21 14:32:00','2016-06-21 14:32:00','SB','Solomon Islands'),(200,'2016-06-21 14:32:00','2016-06-21 14:32:00','SO','Somalia'),(201,'2016-06-21 14:32:00','2016-06-21 14:32:00','ZA','South Africa'),(202,'2016-06-21 14:32:00','2016-06-21 14:32:00','GS','South Georgia & South Sandwich Islands'),(203,'2016-06-21 14:32:00','2016-06-21 14:32:00','KR','South Korea'),(204,'2016-06-21 14:32:00','2016-06-21 14:32:00','SS','South Sudan'),(205,'2016-06-21 14:32:00','2016-06-21 14:32:00','ES','Spain'),(206,'2016-06-21 14:32:00','2016-06-21 14:32:00','LK','Sri Lanka'),(207,'2016-06-21 14:32:00','2016-06-21 14:32:00','BL','St. Barthélemy'),(208,'2016-06-21 14:32:00','2016-06-21 14:32:00','SH','St. Helena'),(209,'2016-06-21 14:32:00','2016-06-21 14:32:00','KN','St. Kitts & Nevis'),(210,'2016-06-21 14:32:00','2016-06-21 14:32:00','LC','St. Lucia'),(211,'2016-06-21 14:32:00','2016-06-21 14:32:00','MF','St. Martin'),(212,'2016-06-21 14:32:00','2016-06-21 14:32:00','PM','St. Pierre & Miquelon'),(213,'2016-06-21 14:32:00','2016-06-21 14:32:00','VC','St. Vincent & Grenadines'),(214,'2016-06-21 14:32:00','2016-06-21 14:32:00','SD','Sudan'),(215,'2016-06-21 14:32:00','2016-06-21 14:32:00','SR','Suriname'),(216,'2016-06-21 14:32:00','2016-06-21 14:32:00','SJ','Svalbard & Jan Mayen'),(217,'2016-06-21 14:32:00','2016-06-21 14:32:00','SZ','Swaziland'),(218,'2016-06-21 14:32:00','2016-06-21 14:32:00','SE','Sweden'),(219,'2016-06-21 14:32:00','2016-06-21 14:32:00','CH','Switzerland'),(220,'2016-06-21 14:32:00','2016-06-21 14:32:00','SY','Syria'),(221,'2016-06-21 14:32:00','2016-06-21 14:32:00','TW','Taiwan'),(222,'2016-06-21 14:32:00','2016-06-21 14:32:00','TJ','Tajikistan'),(223,'2016-06-21 14:32:00','2016-06-21 14:32:00','TZ','Tanzania'),(224,'2016-06-21 14:32:00','2016-06-21 14:32:00','TH','Thailand'),(225,'2016-06-21 14:32:00','2016-06-21 14:32:00','TL','Timor-Leste'),(226,'2016-06-21 14:32:00','2016-06-21 14:32:00','TG','Togo'),(227,'2016-06-21 14:32:00','2016-06-21 14:32:00','TK','Tokelau'),(228,'2016-06-21 14:32:00','2016-06-21 14:32:00','TO','Tonga'),(229,'2016-06-21 14:32:00','2016-06-21 14:32:00','TT','Trinidad & Tobago'),(230,'2016-06-21 14:32:00','2016-06-21 14:32:00','TA','Tristan da Cunha'),(231,'2016-06-21 14:32:00','2016-06-21 14:32:00','TN','Tunisia'),(232,'2016-06-21 14:32:00','2016-06-21 14:32:00','TR','Turkey'),(233,'2016-06-21 14:32:00','2016-06-21 14:32:00','TM','Turkmenistan'),(234,'2016-06-21 14:32:00','2016-06-21 14:32:00','TC','Turks & Caicos Islands'),(235,'2016-06-21 14:32:00','2016-06-21 14:32:00','TV','Tuvalu'),(236,'2016-06-21 14:32:00','2016-06-21 14:32:00','UM','U.S. Outlying Islands'),(237,'2016-06-21 14:32:00','2016-06-21 14:32:00','VI','U.S. Virgin Islands'),(238,'2016-06-21 14:32:00','2016-06-21 14:32:00','UG','Uganda'),(239,'2016-06-21 14:32:00','2016-06-21 14:32:00','UA','Ukraine'),(240,'2016-06-21 14:32:00','2016-06-21 14:32:00','AE','United Arab Emirates'),(241,'2016-06-21 14:32:00','2016-06-21 14:32:00','GB','United Kingdom'),(242,'2016-06-21 14:32:00','2016-06-21 14:32:00','US','United States'),(243,'2016-06-21 14:32:00','2016-06-21 14:32:00','UY','Uruguay'),(244,'2016-06-21 14:32:00','2016-06-21 14:32:00','UZ','Uzbekistan'),(245,'2016-06-21 14:32:00','2016-06-21 14:32:00','VU','Vanuatu'),(246,'2016-06-21 14:32:00','2016-06-21 14:32:00','VA','Vatican City'),(247,'2016-06-21 14:32:00','2016-06-21 14:32:00','VE','Venezuela'),(248,'2016-06-21 14:32:00','2016-06-21 14:32:00','VN','Vietnam'),(249,'2016-06-21 14:32:00','2016-06-21 14:32:00','WF','Wallis & Futuna'),(250,'2016-06-21 14:32:00','2016-06-21 14:32:00','EH','Western Sahara'),(251,'2016-06-21 14:32:00','2016-06-21 14:32:00','YE','Yemen'),(252,'2016-06-21 14:32:00','2016-06-21 14:32:00','ZM','Zambia'),(253,'2016-06-21 14:32:00','2016-06-21 14:32:00','ZW','Zimbabwe'),(254,'2016-05-20 11:29:00','2016-05-20 11:29:00','GUF','French Guiana'),(258,'2016-05-20 11:29:00','2016-05-20 11:29:00','PYF','French Polynesia'),(260,'2016-05-20 11:29:00','2016-05-20 11:29:00','ATF','French Southern Territories'),(262,'2016-05-20 11:29:00','2016-05-20 11:29:00','DJI','Djibouti'),(266,'2016-05-20 11:29:00','2016-05-20 11:29:00','GAB','Gabon'),(268,'2016-05-20 11:29:00','2016-05-20 11:29:00','GEO','Georgia'),(270,'2016-05-20 11:29:00','2016-05-20 11:29:00','GMB','Gambia'),(275,'2016-05-20 11:29:00','2016-05-20 11:29:00','PSE','Palestine, State of'),(276,'2016-05-20 11:29:00','2016-05-20 11:29:00','DEU','Germany'),(288,'2016-05-20 11:29:00','2016-05-20 11:29:00','GHA','Ghana'),(292,'2016-05-20 11:29:00','2016-05-20 11:29:00','GIB','Gibraltar'),(296,'2016-05-20 11:29:00','2016-05-20 11:29:00','KIR','Kiribati'),(300,'2016-05-20 11:29:00','2016-05-20 11:29:00','GRC','Greece'),(304,'2016-05-20 11:29:00','2016-05-20 11:29:00','GRL','Greenland'),(308,'2016-05-20 11:29:00','2016-05-20 11:29:00','GRD','Grenada'),(312,'2016-05-20 11:29:00','2016-05-20 11:29:00','GLP','Guadeloupe'),(316,'2016-05-20 11:29:00','2016-05-20 11:29:00','GUM','Guam'),(320,'2016-05-20 11:29:00','2016-05-20 11:29:00','GTM','Guatemala'),(324,'2016-05-20 11:29:00','2016-05-20 11:29:00','GIN','Guinea'),(328,'2016-05-20 11:29:00','2016-05-20 11:29:00','GUY','Guyana'),(332,'2016-05-20 11:29:00','2016-05-20 11:29:00','HTI','Haiti'),(334,'2016-05-20 11:29:00','2016-05-20 11:29:00','HMD','Heard Island and McDonald Islands'),(336,'2016-05-20 11:29:00','2016-05-20 11:29:00','VAT','Holy See'),(340,'2016-05-20 11:29:00','2016-05-20 11:29:00','HND','Honduras'),(344,'2016-05-20 11:29:00','2016-05-20 11:29:00','HKG','Hong Kong'),(348,'2016-05-20 11:29:00','2016-05-20 11:29:00','HUN','Hungary'),(352,'2016-05-20 11:29:00','2016-05-20 11:29:00','ISL','Iceland'),(356,'2016-05-20 11:29:00','2016-05-20 11:29:00','IND','India'),(360,'2016-05-20 11:29:00','2016-05-20 11:29:00','IDN','Indonesia'),(364,'2016-05-20 11:29:00','2016-05-20 11:29:00','IRN','Iran (Islamic Republic of)'),(368,'2016-05-20 11:29:00','2016-05-20 11:29:00','IRQ','Iraq'),(372,'2016-05-20 11:29:00','2016-05-20 11:29:00','IRL','Ireland'),(376,'2016-05-20 11:29:00','2016-05-20 11:29:00','ISR','Israel'),(380,'2016-05-20 11:29:00','2016-05-20 11:29:00','ITA','Italy'),(384,'2016-05-20 11:29:00','2016-05-20 11:29:00','CIV','Côte d\'Ivoire'),(388,'2016-05-20 11:29:00','2016-05-20 11:29:00','JAM','Jamaica'),(392,'2016-05-20 11:29:00','2016-05-20 11:29:00','JPN','Japan'),(398,'2016-05-20 11:29:00','2016-05-20 11:29:00','KAZ','Kazakhstan'),(400,'2016-05-20 11:29:00','2016-05-20 11:29:00','JOR','Jordan'),(404,'2016-05-20 11:29:00','2016-05-20 11:29:00','KEN','Kenya'),(408,'2016-05-20 11:29:00','2016-05-20 11:29:00','PRK','Korea (Democratic People\'s Republic of)'),(410,'2016-05-20 11:29:00','2016-05-20 11:29:00','KOR','Korea (Republic of)'),(414,'2016-05-20 11:29:00','2016-05-20 11:29:00','KWT','Kuwait'),(417,'2016-05-20 11:29:00','2016-05-20 11:29:00','KGZ','Kyrgyzstan'),(418,'2016-05-20 11:29:00','2016-05-20 11:29:00','LAO','Lao People\'s Democratic Republic'),(422,'2016-05-20 11:29:00','2016-05-20 11:29:00','LBN','Lebanon'),(426,'2016-05-20 11:29:00','2016-05-20 11:29:00','LSO','Lesotho'),(428,'2016-05-20 11:29:00','2016-05-20 11:29:00','LVA','Latvia'),(430,'2016-05-20 11:29:00','2016-05-20 11:29:00','LBR','Liberia'),(434,'2016-05-20 11:29:00','2016-05-20 11:29:00','LBY','Libya'),(438,'2016-05-20 11:29:00','2016-05-20 11:29:00','LIE','Liechtenstein'),(440,'2016-05-20 11:29:00','2016-05-20 11:29:00','LTU','Lithuania'),(442,'2016-05-20 11:29:00','2016-05-20 11:29:00','LUX','Luxembourg'),(446,'2016-05-20 11:29:00','2016-05-20 11:29:00','MAC','Macao'),(450,'2016-05-20 11:29:00','2016-05-20 11:29:00','MDG','Madagascar'),(454,'2016-05-20 11:29:00','2016-05-20 11:29:00','MWI','Malawi'),(458,'2016-05-20 11:29:00','2016-05-20 11:29:00','MYS','Malaysia'),(462,'2016-05-20 11:29:00','2016-05-20 11:29:00','MDV','Maldives'),(466,'2016-05-20 11:29:00','2016-05-20 11:29:00','MLI','Mali'),(470,'2016-05-20 11:29:00','2016-05-20 11:29:00','MLT','Malta'),(474,'2016-05-20 11:29:00','2016-05-20 11:29:00','MTQ','Martinique'),(478,'2016-05-20 11:29:00','2016-05-20 11:29:00','MRT','Mauritania'),(480,'2016-05-20 11:29:00','2016-05-20 11:29:00','MUS','Mauritius'),(484,'2016-05-20 11:29:00','2016-05-20 11:29:00','MEX','Mexico'),(492,'2016-05-20 11:29:00','2016-05-20 11:29:00','MCO','Monaco'),(496,'2016-05-20 11:29:00','2016-05-20 11:29:00','MNG','Mongolia'),(498,'2016-05-20 11:29:00','2016-05-20 11:29:00','MDA','Moldova (Republic of)'),(499,'2016-05-20 11:29:00','2016-05-20 11:29:00','MNE','Montenegro'),(500,'2016-05-20 11:29:00','2016-05-20 11:29:00','MSR','Montserrat'),(504,'2016-05-20 11:29:00','2016-05-20 11:29:00','MAR','Morocco'),(508,'2016-05-20 11:29:00','2016-05-20 11:29:00','MOZ','Mozambique'),(512,'2016-05-20 11:29:00','2016-05-20 11:29:00','OMN','Oman'),(516,'2016-05-20 11:29:00','2016-05-20 11:29:00','NAM','Namibia'),(520,'2016-05-20 11:29:00','2016-05-20 11:29:00','NRU','Nauru'),(524,'2016-05-20 11:29:00','2016-05-20 11:29:00','NPL','Nepal'),(528,'2016-05-20 11:29:00','2016-05-20 11:29:00','NLD','Netherlands'),(531,'2016-05-20 11:29:00','2016-05-20 11:29:00','CUW','Curaçao'),(533,'2016-05-20 11:29:00','2016-05-20 11:29:00','ABW','Aruba'),(534,'2016-05-20 11:29:00','2016-05-20 11:29:00','SXM','Sint Maarten (Dutch part)'),(535,'2016-05-20 11:29:00','2016-05-20 11:29:00','BES','Bonaire, Sint Eustatius and Saba'),(540,'2016-05-20 11:29:00','2016-05-20 11:29:00','NCL','New Caledonia'),(548,'2016-05-20 11:29:00','2016-05-20 11:29:00','VUT','Vanuatu'),(554,'2016-05-20 11:29:00','2016-05-20 11:29:00','NZL','New Zealand'),(558,'2016-05-20 11:29:00','2016-05-20 11:29:00','NIC','Nicaragua'),(562,'2016-05-20 11:29:00','2016-05-20 11:29:00','NER','Niger'),(566,'2016-05-20 11:29:00','2016-05-20 11:29:00','NGA','Nigeria'),(570,'2016-05-20 11:29:00','2016-05-20 11:29:00','NIU','Niue'),(574,'2016-05-20 11:29:00','2016-05-20 11:29:00','NFK','Norfolk Island'),(578,'2016-05-20 11:29:00','2016-05-20 11:29:00','NOR','Norway'),(580,'2016-05-20 11:29:00','2016-05-20 11:29:00','MNP','Northern Mariana Islands'),(581,'2016-05-20 11:29:00','2016-05-20 11:29:00','UMI','United States Minor Outlying Islands'),(583,'2016-05-20 11:29:00','2016-05-20 11:29:00','FSM','Micronesia (Federated States of)'),(584,'2016-05-20 11:29:00','2016-05-20 11:29:00','MHL','Marshall Islands'),(585,'2016-05-20 11:29:00','2016-05-20 11:29:00','PLW','Palau'),(586,'2016-05-20 11:29:00','2016-05-20 11:29:00','PAK','Pakistan'),(591,'2016-05-20 11:29:00','2016-05-20 11:29:00','PAN','Panama'),(598,'2016-05-20 11:29:00','2016-05-20 11:29:00','PNG','Papua New Guinea'),(600,'2016-05-20 11:29:00','2016-05-20 11:29:00','PRY','Paraguay'),(604,'2016-05-20 11:29:00','2016-05-20 11:29:00','PER','Peru'),(608,'2016-05-20 11:29:00','2016-05-20 11:29:00','PHL','Philippines'),(612,'2016-05-20 11:29:00','2016-05-20 11:29:00','PCN','Pitcairn'),(616,'2016-05-20 11:29:00','2016-05-20 11:29:00','POL','Poland'),(620,'2016-05-20 11:29:00','2016-05-20 11:29:00','PRT','Portugal'),(624,'2016-05-20 11:29:00','2016-05-20 11:29:00','GNB','Guinea-Bissau'),(626,'2016-05-20 11:29:00','2016-05-20 11:29:00','TLS','Timor-Leste'),(630,'2016-05-20 11:29:00','2016-05-20 11:29:00','PRI','Puerto Rico'),(634,'2016-05-20 11:29:00','2016-05-20 11:29:00','QAT','Qatar'),(638,'2016-05-20 11:29:00','2016-05-20 11:29:00','REU','Réunion'),(642,'2016-05-20 11:29:00','2016-05-20 11:29:00','ROU','Romania'),(643,'2016-05-20 11:29:00','2016-05-20 11:29:00','RUS','Russian Federation'),(646,'2016-05-20 11:29:00','2016-05-20 11:29:00','RWA','Rwanda'),(652,'2016-05-20 11:29:00','2016-05-20 11:29:00','BLM','Saint Barthélemy'),(654,'2016-05-20 11:29:00','2016-05-20 11:29:00','SHN','Saint Helena, Ascension and Tristan da Cunha'),(659,'2016-05-20 11:29:00','2016-05-20 11:29:00','KNA','Saint Kitts and Nevis'),(660,'2016-05-20 11:29:00','2016-05-20 11:29:00','AIA','Anguilla'),(662,'2016-05-20 11:29:00','2016-05-20 11:29:00','LCA','Saint Lucia'),(663,'2016-05-20 11:29:00','2016-05-20 11:29:00','MAF','Saint Martin (French part)'),(666,'2016-05-20 11:29:00','2016-05-20 11:29:00','SPM','Saint Pierre and Miquelon'),(670,'2016-05-20 11:29:00','2016-05-20 11:29:00','VCT','Saint Vincent and the Grenadines'),(674,'2016-05-20 11:29:00','2016-05-20 11:29:00','SMR','San Marino'),(678,'2016-05-20 11:29:00','2016-05-20 11:29:00','STP','Sao Tome and Principe'),(682,'2016-05-20 11:29:00','2016-05-20 11:29:00','SAU','Saudi Arabia'),(686,'2016-05-20 11:29:00','2016-05-20 11:29:00','SEN','Senegal'),(688,'2016-05-20 11:29:00','2016-05-20 11:29:00','SRB','Serbia'),(690,'2016-05-20 11:29:00','2016-05-20 11:29:00','SYC','Seychelles'),(694,'2016-05-20 11:29:00','2016-05-20 11:29:00','SLE','Sierra Leone'),(702,'2016-05-20 11:29:00','2016-05-20 11:29:00','SGP','Singapore'),(703,'2016-05-20 11:29:00','2016-05-20 11:29:00','SVK','Slovakia'),(704,'2016-05-20 11:29:00','2016-05-20 11:29:00','VNM','Viet Nam'),(705,'2016-05-20 11:29:00','2016-05-20 11:29:00','SVN','Slovenia'),(706,'2016-05-20 11:29:00','2016-05-20 11:29:00','SOM','Somalia'),(710,'2016-05-20 11:29:00','2016-05-20 11:29:00','ZAF','South Africa'),(716,'2016-05-20 11:29:00','2016-05-20 11:29:00','ZWE','Zimbabwe'),(724,'2016-05-20 11:29:00','2016-05-20 11:29:00','ESP','Spain'),(728,'2016-05-20 11:29:00','2016-05-20 11:29:00','SSD','South Sudan'),(729,'2016-05-20 11:29:00','2016-05-20 11:29:00','SDN','Sudan'),(732,'2016-05-20 11:29:00','2016-05-20 11:29:00','ESH','Western Sahara'),(740,'2016-05-20 11:29:00','2016-05-20 11:29:00','SUR','Suriname'),(744,'2016-05-20 11:29:00','2016-05-20 11:29:00','SJM','Svalbard and Jan Mayen'),(748,'2016-05-20 11:29:00','2016-05-20 11:29:00','SWZ','Swaziland'),(752,'2016-05-20 11:29:00','2016-05-20 11:29:00','SWE','Sweden'),(756,'2016-05-20 11:29:00','2016-05-20 11:29:00','CHE','Switzerland'),(760,'2016-05-20 11:29:00','2016-05-20 11:29:00','SYR','Syrian Arab Republic'),(762,'2016-05-20 11:29:00','2016-05-20 11:29:00','TJK','Tajikistan'),(764,'2016-05-20 11:29:00','2016-05-20 11:29:00','THA','Thailand'),(768,'2016-05-20 11:29:00','2016-05-20 11:29:00','TGO','Togo'),(772,'2016-05-20 11:29:00','2016-05-20 11:29:00','TKL','Tokelau'),(776,'2016-05-20 11:29:00','2016-05-20 11:29:00','TON','Tonga'),(780,'2016-05-20 11:29:00','2016-05-20 11:29:00','TTO','Trinidad and Tobago'),(784,'2016-05-20 11:29:00','2016-05-20 11:29:00','ARE','United Arab Emirates'),(788,'2016-05-20 11:29:00','2016-05-20 11:29:00','TUN','Tunisia'),(792,'2016-05-20 11:29:00','2016-05-20 11:29:00','TUR','Turkey'),(795,'2016-05-20 11:29:00','2016-05-20 11:29:00','TKM','Turkmenistan'),(796,'2016-05-20 11:29:00','2016-05-20 11:29:00','TCA','Turks and Caicos Islands'),(798,'2016-05-20 11:29:00','2016-05-20 11:29:00','TUV','Tuvalu'),(800,'2016-05-20 11:29:00','2016-05-20 11:29:00','UGA','Uganda'),(804,'2016-05-20 11:29:00','2016-05-20 11:29:00','UKR','Ukraine'),(807,'2016-05-20 11:29:00','2016-05-20 11:29:00','MKD','Macedonia (the former Yugoslav Republic of)'),(818,'2016-05-20 11:29:00','2016-05-20 11:29:00','EGY','Egypt'),(826,'2016-05-20 11:29:00','2016-05-20 11:29:00','GBR','United Kingdom of Great Britain and Northern Ireland'),(831,'2016-05-20 11:29:00','2016-05-20 11:29:00','GGY','Guernsey'),(832,'2016-05-20 11:29:00','2016-05-20 11:29:00','JEY','Jersey'),(833,'2016-05-20 11:29:00','2016-05-20 11:29:00','IMN','Isle of Man'),(834,'2016-05-20 11:29:00','2016-05-20 11:29:00','TZA','Tanzania, United Republic of'),(840,'2016-05-20 11:29:00','2016-05-20 11:29:00','US','United States of America'),(850,'2016-05-20 11:29:00','2016-05-20 11:29:00','VIR','Virgin Islands (U.S.)'),(854,'2016-05-20 11:29:00','2016-05-20 11:29:00','BFA','Burkina Faso'),(858,'2016-05-20 11:29:00','2016-05-20 11:29:00','URY','Uruguay'),(860,'2016-05-20 11:29:00','2016-05-20 11:29:00','UZB','Uzbekistan'),(862,'2016-05-20 11:29:00','2016-05-20 11:29:00','VEN','Venezuela (Bolivarian Republic of)'),(876,'2016-05-20 11:29:00','2016-05-20 11:29:00','WLF','Wallis and Futuna'),(882,'2016-05-20 11:29:00','2016-05-20 11:29:00','WSM','Samoa'),(887,'2016-05-20 11:29:00','2016-05-20 11:29:00','YEM','Yemen'),(894,'2016-05-20 11:29:00','2016-05-20 11:29:00','ZMB','Zambia');
/*!40000 ALTER TABLE `list_country` ENABLE KEYS */;
UNLOCK TABLES;

--
-- Table structure for table `list_gender`
--

DROP TABLE IF EXISTS `list_gender`;
/*!40101 SET @saved_cs_client     = @@character_set_client */;
/*!50503 SET character_set_client = utf8mb4 */;
CREATE TABLE `list_gender` (
  `id` int NOT NULL AUTO_INCREMENT,
  `created` datetime NOT NULL,
  `updated` datetime NOT NULL,
  `name` varchar(255) COLLATE utf8mb3_unicode_ci NOT NULL,
  `slug` varchar(255) COLLATE utf8mb3_unicode_ci NOT NULL,
  `status` tinyint(1) NOT NULL,
  PRIMARY KEY (`id`)
) ENGINE=InnoDB AUTO_INCREMENT=5 DEFAULT CHARSET=utf8mb3 COLLATE=utf8mb3_unicode_ci;
/*!40101 SET character_set_client = @saved_cs_client */;

--
-- Dumping data for table `list_gender`
--

LOCK TABLES `list_gender` WRITE;
/*!40000 ALTER TABLE `list_gender` DISABLE KEYS */;
INSERT INTO `list_gender` VALUES (1,'1970-01-01 00:00:00','1970-01-01 00:00:00','N/A','n-a',1),(2,'1970-01-01 00:00:00','1970-01-01 00:00:00','Male','male',1),(3,'1970-01-01 00:00:00','1970-01-01 00:00:00','Female','female',1),(4,'1970-01-01 00:00:00','1970-01-01 00:00:00','Both','both',1);
/*!40000 ALTER TABLE `list_gender` ENABLE KEYS */;
UNLOCK TABLES;

--
-- Table structure for table `list_monitoring_action`
--

DROP TABLE IF EXISTS `list_monitoring_action`;
/*!40101 SET @saved_cs_client     = @@character_set_client */;
/*!50503 SET character_set_client = utf8mb4 */;
CREATE TABLE `list_monitoring_action` (
  `id` int NOT NULL AUTO_INCREMENT,
  `created` datetime NOT NULL,
  `updated` datetime NOT NULL,
  `name` varchar(255) COLLATE utf8mb3_unicode_ci NOT NULL,
  `slug` varchar(255) COLLATE utf8mb3_unicode_ci NOT NULL,
  `status` tinyint(1) NOT NULL,
  PRIMARY KEY (`id`)
) ENGINE=InnoDB DEFAULT CHARSET=utf8mb3 COLLATE=utf8mb3_unicode_ci;
/*!40101 SET character_set_client = @saved_cs_client */;

--
-- Dumping data for table `list_monitoring_action`
--

LOCK TABLES `list_monitoring_action` WRITE;
/*!40000 ALTER TABLE `list_monitoring_action` DISABLE KEYS */;
/*!40000 ALTER TABLE `list_monitoring_action` ENABLE KEYS */;
UNLOCK TABLES;

--
-- Table structure for table `list_recruitment_status`
--

DROP TABLE IF EXISTS `list_recruitment_status`;
/*!40101 SET @saved_cs_client     = @@character_set_client */;
/*!50503 SET character_set_client = utf8mb4 */;
CREATE TABLE `list_recruitment_status` (
  `id` int NOT NULL AUTO_INCREMENT,
  `created` datetime NOT NULL,
  `updated` datetime NOT NULL,
  `name` varchar(255) COLLATE utf8mb3_unicode_ci NOT NULL,
  `slug` varchar(255) COLLATE utf8mb3_unicode_ci NOT NULL,
  `status` tinyint(1) NOT NULL,
  PRIMARY KEY (`id`)
) ENGINE=InnoDB AUTO_INCREMENT=2 DEFAULT CHARSET=utf8mb3 COLLATE=utf8mb3_unicode_ci;
/*!40101 SET character_set_client = @saved_cs_client */;

--
-- Dumping data for table `list_recruitment_status`
--

LOCK TABLES `list_recruitment_status` WRITE;
/*!40000 ALTER TABLE `list_recruitment_status` DISABLE KEYS */;
/*!40000 ALTER TABLE `list_recruitment_status` ENABLE KEYS */;
UNLOCK TABLES;

--
-- Table structure for table `list_role`
--

DROP TABLE IF EXISTS `list_role`;
/*!40101 SET @saved_cs_client     = @@character_set_client */;
/*!50503 SET character_set_client = utf8mb4 */;
CREATE TABLE `list_role` (
  `id` int NOT NULL AUTO_INCREMENT,
  `created` datetime NOT NULL,
  `updated` datetime NOT NULL,
  `name` varchar(255) COLLATE utf8mb3_unicode_ci NOT NULL,
  `slug` varchar(255) COLLATE utf8mb3_unicode_ci NOT NULL,
  `status` tinyint(1) NOT NULL,
  PRIMARY KEY (`id`)
) ENGINE=InnoDB AUTO_INCREMENT=6 DEFAULT CHARSET=utf8mb3 COLLATE=utf8mb3_unicode_ci;
/*!40101 SET character_set_client = @saved_cs_client */;

--
-- Dumping data for table `list_role`
--

LOCK TABLES `list_role` WRITE;
/*!40000 ALTER TABLE `list_role` DISABLE KEYS */;
INSERT INTO `list_role` VALUES (1,'1970-01-01 00:00:00','1970-01-01 00:00:00','Investigator','investigator',1),(2,'1970-01-01 00:00:00','1970-01-01 00:00:00','Secretary','secretary',1),(3,'1970-01-01 00:00:00','1970-01-01 00:00:00','Member of Committee','member-of-committee',1),(4,'1970-01-01 00:00:00','1970-01-01 00:00:00','External Reviewer','member-ad-hoc',1),(5,'1970-01-01 00:00:00','1970-01-01 00:00:00','Administrator','administrator',1);
/*!40000 ALTER TABLE `list_role` ENABLE KEYS */;
UNLOCK TABLES;

--
-- Table structure for table `meeting`
--

DROP TABLE IF EXISTS `meeting`;
/*!40101 SET @saved_cs_client     = @@character_set_client */;
/*!50503 SET character_set_client = utf8mb4 */;
CREATE TABLE `meeting` (
  `id` int NOT NULL AUTO_INCREMENT,
  `created` datetime NOT NULL,
  `updated` datetime NOT NULL,
  `date` date NOT NULL,
  `subject` varchar(255) COLLATE utf8mb3_unicode_ci NOT NULL,
  `content` longtext COLLATE utf8mb3_unicode_ci NOT NULL,
  `filename` varchar(255) COLLATE utf8mb3_unicode_ci DEFAULT NULL,
  `filepath` varchar(1023) COLLATE utf8mb3_unicode_ci DEFAULT NULL,
  PRIMARY KEY (`id`)
) ENGINE=InnoDB AUTO_INCREMENT=2 DEFAULT CHARSET=utf8mb3 COLLATE=utf8mb3_unicode_ci;
/*!40101 SET character_set_client = @saved_cs_client */;

--
-- Dumping data for table `meeting`
--

LOCK TABLES `meeting` WRITE;
/*!40000 ALTER TABLE `meeting` DISABLE KEYS */;
INSERT INTO `meeting` VALUES (1,'2023-03-09 23:39:43','2023-03-09 23:39:43','2023-03-10','Meeting test','this is just a test meeting',NULL,NULL);
/*!40000 ALTER TABLE `meeting` ENABLE KEYS */;
UNLOCK TABLES;

--
-- Table structure for table `protocol`
--

DROP TABLE IF EXISTS `protocol`;
/*!40101 SET @saved_cs_client     = @@character_set_client */;
/*!50503 SET character_set_client = utf8mb4 */;
CREATE TABLE `protocol` (
  `id` int NOT NULL AUTO_INCREMENT,
  `owner_id` int NOT NULL,
  `main_submission_id` int DEFAULT NULL,
  `meeting_id` int DEFAULT NULL,
  `monitoring_action_id` int DEFAULT NULL,
  `created` datetime NOT NULL,
  `updated` datetime NOT NULL,
  `migrated_id` int DEFAULT NULL,
  `code` varchar(20) COLLATE utf8mb3_unicode_ci DEFAULT NULL,
  `status` varchar(1) COLLATE utf8mb3_unicode_ci NOT NULL,
  `reject_reason` longtext COLLATE utf8mb3_unicode_ci,
  `committee_screening` longtext COLLATE utf8mb3_unicode_ci,
  `opinion_required` int DEFAULT NULL,
  `date_informed` datetime DEFAULT NULL,
  `updated_in` datetime DEFAULT NULL,
  `revised_in` datetime DEFAULT NULL,
  `decision_in` datetime DEFAULT NULL,
  `monitoring_action_next_date` datetime DEFAULT NULL,
  `contacts` longtext COLLATE utf8mb3_unicode_ci,
  `is_deleted` int DEFAULT NULL,
  PRIMARY KEY (`id`),
  KEY `IDX_C8C0BC4C7E3C61F9` (`owner_id`),
  KEY `IDX_C8C0BC4C5359FAAE` (`main_submission_id`),
  KEY `IDX_C8C0BC4C67433D9C` (`meeting_id`),
  KEY `IDX_C8C0BC4C4608B388` (`monitoring_action_id`),
  CONSTRAINT `FK_C8C0BC4C4608B388` FOREIGN KEY (`monitoring_action_id`) REFERENCES `list_monitoring_action` (`id`) ON DELETE SET NULL,
  CONSTRAINT `FK_C8C0BC4C5359FAAE` FOREIGN KEY (`main_submission_id`) REFERENCES `submission` (`id`) ON DELETE SET NULL,
  CONSTRAINT `FK_C8C0BC4C67433D9C` FOREIGN KEY (`meeting_id`) REFERENCES `meeting` (`id`) ON DELETE SET NULL,
  CONSTRAINT `FK_C8C0BC4C7E3C61F9` FOREIGN KEY (`owner_id`) REFERENCES `user` (`id`) ON DELETE CASCADE
) ENGINE=InnoDB AUTO_INCREMENT=8 DEFAULT CHARSET=utf8mb3 COLLATE=utf8mb3_unicode_ci;
/*!40101 SET character_set_client = @saved_cs_client */;

--
-- Dumping data for table `protocol`
--

LOCK TABLES `protocol` WRITE;
/*!40000 ALTER TABLE `protocol` DISABLE KEYS */;
INSERT INTO `protocol` VALUES (2,1,2,1,NULL,'2023-03-09 23:54:16','2023-03-09 23:54:16',NULL,'BIR.0002.01','H',NULL,NULL,0,'2023-03-09 23:56:26','2023-03-09 23:56:26','2023-03-10 09:02:11',NULL,NULL,NULL,0),(3,1,3,1,NULL,'2023-03-16 17:31:21','2023-03-16 17:31:21',NULL,'BIR.0003.01','H',NULL,'',0,'2023-03-16 17:47:20','2023-03-16 17:47:20','2023-03-22 20:34:14',NULL,NULL,NULL,0),(4,1,4,NULL,NULL,'2023-03-22 10:02:41','2023-03-22 10:02:41',NULL,'BIR.0004.01','E',NULL,'',0,'2023-03-29 23:45:44','2023-03-29 23:45:44',NULL,NULL,NULL,NULL,0),(5,1,5,1,NULL,'2023-04-03 18:39:48','2023-04-03 18:39:48',NULL,'BIR.0005.01','N',NULL,'',0,'2023-04-03 18:41:51','2023-04-03 18:41:51','2023-04-27 17:51:43',NULL,NULL,NULL,0),(6,1,6,NULL,NULL,'2023-04-25 10:21:38','2023-04-25 10:21:38',NULL,NULL,'F',NULL,NULL,0,NULL,NULL,NULL,'2023-05-01 22:36:27',NULL,NULL,0),(7,1,7,NULL,NULL,'2023-05-01 13:10:49','2023-05-01 13:10:49',NULL,NULL,'D',NULL,NULL,0,NULL,NULL,NULL,NULL,NULL,NULL,0);
/*!40000 ALTER TABLE `protocol` ENABLE KEYS */;
UNLOCK TABLES;

--
-- Table structure for table `protocol_comment`
--

DROP TABLE IF EXISTS `protocol_comment`;
/*!40101 SET @saved_cs_client     = @@character_set_client */;
/*!50503 SET character_set_client = utf8mb4 */;
CREATE TABLE `protocol_comment` (
  `id` int NOT NULL AUTO_INCREMENT,
  `protocol_id` int DEFAULT NULL,
  `user_id` int DEFAULT NULL,
  `created` datetime NOT NULL,
  `updated` datetime NOT NULL,
  `message` longtext COLLATE utf8mb3_unicode_ci NOT NULL,
  `role` varchar(255) COLLATE utf8mb3_unicode_ci NOT NULL,
  `is_confidential` tinyint(1) NOT NULL,
  `filename` varchar(255) COLLATE utf8mb3_unicode_ci DEFAULT NULL,
  `filepath` varchar(1023) COLLATE utf8mb3_unicode_ci DEFAULT NULL,
  PRIMARY KEY (`id`),
  KEY `IDX_B156FCC9CCD59258` (`protocol_id`),
  KEY `IDX_B156FCC9A76ED395` (`user_id`),
  CONSTRAINT `FK_B156FCC9A76ED395` FOREIGN KEY (`user_id`) REFERENCES `user` (`id`) ON DELETE CASCADE,
  CONSTRAINT `FK_B156FCC9CCD59258` FOREIGN KEY (`protocol_id`) REFERENCES `protocol` (`id`) ON DELETE CASCADE
) ENGINE=InnoDB AUTO_INCREMENT=4 DEFAULT CHARSET=utf8mb3 COLLATE=utf8mb3_unicode_ci;
/*!40101 SET character_set_client = @saved_cs_client */;

--
-- Dumping data for table `protocol_comment`
--

LOCK TABLES `protocol_comment` WRITE;
/*!40000 ALTER TABLE `protocol_comment` DISABLE KEYS */;
INSERT INTO `protocol_comment` VALUES (2,3,1,'2023-03-16 20:00:47','2023-03-16 20:00:47','dsfsd','member-of-committee',0,NULL,NULL),(3,3,1,'2023-03-22 15:47:42','2023-03-22 15:47:42','test','',0,NULL,NULL);
/*!40000 ALTER TABLE `protocol_comment` ENABLE KEYS */;
UNLOCK TABLES;

--
-- Table structure for table `protocol_history`
--

DROP TABLE IF EXISTS `protocol_history`;
/*!40101 SET @saved_cs_client     = @@character_set_client */;
/*!50503 SET character_set_client = utf8mb4 */;
CREATE TABLE `protocol_history` (
  `id` int NOT NULL AUTO_INCREMENT,
  `protocol_id` int DEFAULT NULL,
  `user_id` int DEFAULT NULL,
  `created` datetime NOT NULL,
  `updated` datetime NOT NULL,
  `message` longtext COLLATE utf8mb3_unicode_ci NOT NULL,
  PRIMARY KEY (`id`),
  KEY `IDX_298DEEECCD59258` (`protocol_id`),
  KEY `IDX_298DEEEA76ED395` (`user_id`),
  CONSTRAINT `FK_298DEEEA76ED395` FOREIGN KEY (`user_id`) REFERENCES `user` (`id`) ON DELETE SET NULL,
  CONSTRAINT `FK_298DEEECCD59258` FOREIGN KEY (`protocol_id`) REFERENCES `protocol` (`id`) ON DELETE CASCADE
) ENGINE=InnoDB AUTO_INCREMENT=38 DEFAULT CHARSET=utf8mb3 COLLATE=utf8mb3_unicode_ci;
/*!40101 SET character_set_client = @saved_cs_client */;

--
-- Dumping data for table `protocol_history`
--

LOCK TABLES `protocol_history` WRITE;
/*!40000 ALTER TABLE `protocol_history` DISABLE KEYS */;
INSERT INTO `protocol_history` VALUES (24,2,1,'2023-03-09 23:56:26','2023-03-09 23:56:26','Submission of protocol.'),(25,2,1,'2023-03-10 09:00:40','2023-03-10 09:00:40','Protocol accepted for review by admin and investigators notified.'),(26,3,1,'2023-03-16 17:47:20','2023-03-16 17:47:20','Submission of protocol.'),(27,3,1,'2023-03-16 17:47:33','2023-03-16 17:47:33','Protocol was sent to comittee for initial analysis by admin.'),(28,3,1,'2023-03-16 17:47:41','2023-03-16 17:47:41','Your protocol has been accepted for ethics review. The committee\'s decision will be informed when the process is finalized.'),(29,4,1,'2023-03-29 23:45:44','2023-03-29 23:45:44','Submission of protocol.'),(30,5,1,'2023-04-03 18:41:51','2023-04-03 18:41:51','Submission of protocol.'),(31,5,1,'2023-04-03 18:42:06','2023-04-03 18:42:06','Protocol was sent to comittee for initial analysis by admin.'),(32,5,1,'2023-04-03 18:42:10','2023-04-03 18:42:10','Your protocol has been accepted for ethics review. The committee\'s decision will be informed when the process is finalized.'),(33,5,2,'2023-04-27 18:23:08','2023-04-27 18:23:08','Protocol finalized by test under option \"Accept with minor revision\".'),(34,5,1,'2023-05-01 19:43:21','2023-05-01 19:43:21','Protocol finalized by admin under option \"Rejected\".'),(35,4,1,'2023-05-01 20:06:25','2023-05-01 20:06:25','Protocol was sent to comittee for initial analysis by admin.'),(36,4,1,'2023-05-01 20:06:36','2023-05-01 20:06:36','Your protocol has been accepted for ethics review. The committee\'s decision will be informed when the process is finalized.'),(37,6,1,'2023-05-01 22:36:27','2023-05-01 22:36:27','Protocol finalized by admin under option \"Accept with major revision\".');
/*!40000 ALTER TABLE `protocol_history` ENABLE KEYS */;
UNLOCK TABLES;

--
-- Table structure for table `protocol_revision`
--

DROP TABLE IF EXISTS `protocol_revision`;
/*!40101 SET @saved_cs_client     = @@character_set_client */;
/*!50503 SET character_set_client = utf8mb4 */;
CREATE TABLE `protocol_revision` (
  `id` int NOT NULL AUTO_INCREMENT,
  `member_id` int DEFAULT NULL,
  `protocol_id` int DEFAULT NULL,
  `created` datetime NOT NULL,
  `updated` datetime NOT NULL,
  `answered` tinyint(1) NOT NULL,
  `is_final_revision` tinyint(1) NOT NULL,
  `decision` varchar(255) COLLATE utf8mb3_unicode_ci DEFAULT NULL,
  `social_value` longtext COLLATE utf8mb3_unicode_ci,
  `sscientific_validity` longtext COLLATE utf8mb3_unicode_ci,
  `fair_participant_selection` longtext COLLATE utf8mb3_unicode_ci,
  `favorable_balance` longtext COLLATE utf8mb3_unicode_ci,
  `informed_consent` longtext COLLATE utf8mb3_unicode_ci,
  `respect_for_participants` longtext COLLATE utf8mb3_unicode_ci,
  `other_comments` longtext COLLATE utf8mb3_unicode_ci,
  `suggestions` varchar(255) COLLATE utf8mb3_unicode_ci DEFAULT NULL,
  `declaration_status` varchar(255) COLLATE utf8mb3_unicode_ci DEFAULT NULL,
  PRIMARY KEY (`id`),
  KEY `IDX_CBFA60057597D3FE` (`member_id`),
  KEY `IDX_CBFA6005CCD59258` (`protocol_id`),
  CONSTRAINT `FK_CBFA60057597D3FE` FOREIGN KEY (`member_id`) REFERENCES `user` (`id`) ON DELETE SET NULL,
  CONSTRAINT `FK_CBFA6005CCD59258` FOREIGN KEY (`protocol_id`) REFERENCES `protocol` (`id`) ON DELETE CASCADE
) ENGINE=InnoDB AUTO_INCREMENT=19 DEFAULT CHARSET=utf8mb3 COLLATE=utf8mb3_unicode_ci;
/*!40101 SET character_set_client = @saved_cs_client */;

--
-- Dumping data for table `protocol_revision`
--

LOCK TABLES `protocol_revision` WRITE;
/*!40000 ALTER TABLE `protocol_revision` DISABLE KEYS */;
INSERT INTO `protocol_revision` VALUES (2,1,2,'2023-03-10 09:01:10','2023-03-10 09:01:10',1,0,NULL,'test','test','test','','ttest','test','test','etset',NULL),(10,2,2,'2023-03-29 21:26:35','2023-03-29 21:26:35',0,0,NULL,NULL,NULL,NULL,NULL,NULL,NULL,NULL,NULL,NULL),(17,3,5,'2023-05-01 12:04:34','2023-05-01 12:04:34',0,0,NULL,NULL,NULL,NULL,NULL,NULL,NULL,NULL,NULL,NULL),(18,3,4,'2023-05-01 20:06:53','2023-05-01 20:06:53',0,0,NULL,NULL,NULL,NULL,NULL,NULL,NULL,NULL,NULL,NULL);
/*!40000 ALTER TABLE `protocol_revision` ENABLE KEYS */;
UNLOCK TABLES;

--
-- Table structure for table `submission`
--

DROP TABLE IF EXISTS `submission`;
/*!40101 SET @saved_cs_client     = @@character_set_client */;
/*!50503 SET character_set_client = utf8mb4 */;
CREATE TABLE `submission` (
  `id` int NOT NULL AUTO_INCREMENT,
  `protocol_id` int DEFAULT NULL,
  `original_submission_id` int DEFAULT NULL,
  `owner_id` int DEFAULT NULL,
  `gender_id` int DEFAULT NULL,
  `recruitment_status_id` int DEFAULT NULL,
  `created` datetime NOT NULL,
  `updated` datetime NOT NULL,
  `language` varchar(255) COLLATE utf8mb3_unicode_ci DEFAULT NULL,
  `is_translation` tinyint(1) NOT NULL,
  `number` int NOT NULL,
  `public_title` varchar(510) COLLATE utf8mb3_unicode_ci NOT NULL,
  `scientific_title` varchar(510) COLLATE utf8mb3_unicode_ci NOT NULL,
  `title_acronym` varchar(255) COLLATE utf8mb3_unicode_ci NOT NULL,
  `is_clinical_trial` tinyint(1) NOT NULL,
  `is_consultation` tinyint(1) NOT NULL,
  `is_substudy` tinyint(1) NOT NULL,
  `is_multiple_clinical_study` tinyint(1) NOT NULL,
  `is_sent` tinyint(1) NOT NULL,
  `abstract` longtext COLLATE utf8mb3_unicode_ci,
  `keywords` varchar(255) COLLATE utf8mb3_unicode_ci DEFAULT NULL,
  `introduction` longtext COLLATE utf8mb3_unicode_ci,
  `problem_statement` longtext COLLATE utf8mb3_unicode_ci,
  `justification` longtext COLLATE utf8mb3_unicode_ci,
  `literature_review` longtext COLLATE utf8mb3_unicode_ci,
  `goals` longtext COLLATE utf8mb3_unicode_ci,
  `specific_objective` longtext COLLATE utf8mb3_unicode_ci,
  `study_design` longtext COLLATE utf8mb3_unicode_ci,
  `study_subject` longtext COLLATE utf8mb3_unicode_ci,
  `study_subject_other` longtext COLLATE utf8mb3_unicode_ci,
  `study_population` longtext COLLATE utf8mb3_unicode_ci,
  `source_population` longtext COLLATE utf8mb3_unicode_ci,
  `sample_size_calculation` longtext COLLATE utf8mb3_unicode_ci,
  `sampling_techniques` longtext COLLATE utf8mb3_unicode_ci,
  `sampling_procedures` longtext COLLATE utf8mb3_unicode_ci,
  `operational_definitions` longtext COLLATE utf8mb3_unicode_ci,
  `data_quality_assurance` longtext COLLATE utf8mb3_unicode_ci,
  `data_collection_tools` longtext COLLATE utf8mb3_unicode_ci,
  `data_collection_procedure` longtext COLLATE utf8mb3_unicode_ci,
  `research_area_and_period` longtext COLLATE utf8mb3_unicode_ci,
  `health_condition` longtext COLLATE utf8mb3_unicode_ci,
  `sample_size` int DEFAULT NULL,
  `minimum_age` int DEFAULT NULL,
  `maximum_age` int DEFAULT NULL,
  `sample_size_justify` longtext COLLATE utf8mb3_unicode_ci,
  `inclusion_criteria` longtext COLLATE utf8mb3_unicode_ci,
  `exclusion_criteria` longtext COLLATE utf8mb3_unicode_ci,
  `recruitment_init_date` date DEFAULT NULL,
  `interventions` longtext COLLATE utf8mb3_unicode_ci,
  `primary_outcome` longtext COLLATE utf8mb3_unicode_ci,
  `secondary_outcome` longtext COLLATE utf8mb3_unicode_ci,
  `general_procedures` longtext COLLATE utf8mb3_unicode_ci,
  `analysis_plan` longtext COLLATE utf8mb3_unicode_ci,
  `ethical_considerations` longtext COLLATE utf8mb3_unicode_ci,
  `limitations` longtext COLLATE utf8mb3_unicode_ci,
  `clinical_trial_secondary` longtext COLLATE utf8mb3_unicode_ci,
  `paho_unit` varchar(510) COLLATE utf8mb3_unicode_ci DEFAULT NULL,
  `funding_source` longtext COLLATE utf8mb3_unicode_ci,
  `primary_sponsor` longtext COLLATE utf8mb3_unicode_ci,
  `secondary_sponsor` longtext COLLATE utf8mb3_unicode_ci,
  `bibliography` longtext COLLATE utf8mb3_unicode_ci,
  `sscientific_contact` longtext COLLATE utf8mb3_unicode_ci,
  `prior_ethical_approval` tinyint(1) DEFAULT NULL,
  PRIMARY KEY (`id`),
  KEY `IDX_DB055AF3CCD59258` (`protocol_id`),
  KEY `IDX_DB055AF32E9C906C` (`original_submission_id`),
  KEY `IDX_DB055AF37E3C61F9` (`owner_id`),
  KEY `IDX_DB055AF3708A0E0` (`gender_id`),
  KEY `IDX_DB055AF31767A288` (`recruitment_status_id`),
  CONSTRAINT `FK_DB055AF31767A288` FOREIGN KEY (`recruitment_status_id`) REFERENCES `list_recruitment_status` (`id`) ON DELETE SET NULL,
  CONSTRAINT `FK_DB055AF32E9C906C` FOREIGN KEY (`original_submission_id`) REFERENCES `submission` (`id`) ON DELETE SET NULL,
  CONSTRAINT `FK_DB055AF3708A0E0` FOREIGN KEY (`gender_id`) REFERENCES `list_gender` (`id`) ON DELETE SET NULL,
  CONSTRAINT `FK_DB055AF37E3C61F9` FOREIGN KEY (`owner_id`) REFERENCES `user` (`id`) ON DELETE SET NULL,
  CONSTRAINT `FK_DB055AF3CCD59258` FOREIGN KEY (`protocol_id`) REFERENCES `protocol` (`id`) ON DELETE CASCADE
) ENGINE=InnoDB AUTO_INCREMENT=8 DEFAULT CHARSET=utf8mb3 COLLATE=utf8mb3_unicode_ci;
/*!40101 SET character_set_client = @saved_cs_client */;

--
-- Dumping data for table `submission`
--

LOCK TABLES `submission` WRITE;
/*!40000 ALTER TABLE `submission` DISABLE KEYS */;
INSERT INTO `submission` VALUES (2,2,NULL,1,3,NULL,'2023-03-09 23:54:16','2023-03-09 23:54:16','en',0,1,'rwar','-','--',0,0,0,0,1,'<p>ete</p>','test','<p>test</p>','<p>test</p>','<p>test</p>','<p>test</p>','<p>test</p>','test','<p>test</p>','pregnant women','','<p>test</p>','<p>test</p>','<p>test</p>','<p>test</p>','<p>test</p>','<p>test</p>','<p>test</p>','<p>test</p>','<p>test</p>','<p>test</p>','<p>test</p>',10,10,10,'<p>ests</p>','<p>test</p>','<p>test</p>','2023-04-08','<p>test</p>','<p>test</p>','<p>test</p>','<p>test</p>',NULL,'test','test',NULL,'','Nqy6UWJvcUpUxGx4+Fl5X12B3ojOa3VVNAqaz1t/Ui/MwUWP/QHcCNNZSSw=','Nqy6UWJvcUpUxGx4+Fl5X12B3ojOa3VVYRgerGVim/Tbj/KSCjxASNNZTg==','Nqy6UWJvcUpUxGx4+Fl5X12B3ojOa3VVNAqaz1t/Ui/MwUWP/QHcCNNZSSw=','<p>test</p>','Nqy6UWJvcUpUxGx4+Fl5X12B3ojOa3VVNAqaz1t/Ui/MwUWP/QHcCNNZSSw=',1),(3,3,NULL,1,4,NULL,'2023-03-16 17:31:21','2023-03-16 17:31:21','en',0,1,'test','-','--',0,0,0,0,1,'<p>adfdsaf</p>','asdf','<p>asdfsad</p>','<p>saf</p>','<p>asdf</p>','<p>asdf</p>','<p>asdf</p>','adsf','<p>asdf</p>','prisoners','','<p>sadf</p>','<p>asdf</p>','<p>asdf</p>','<p>adf</p>','<p>asdf</p>','<p>adf</p>','<p>asf</p>','<p>asdf</p>','<p>asdf</p>','<p>adf</p>','<p>sadf</p>',34,43,34,'<p>asdf</p>','<p>asdf</p>','<p>asdf</p>','2023-04-08','<p>asdf</p>','<p>adsf</p>','<p>adsf</p>','<p>asdf</p>',NULL,'<p>sdf</p>','asdf',NULL,'','Nqy6UWJvcUpUxGx4+Fl5X12B3ojOa3VV38McCmCT4uI1EPaKYKNdS8ZPXj4=','Nqy6UWJvcUpUxGx4+Fl5X12B3ojOa3VV38McCmCT4uI1EPaKYKNdS8ZPXj4=','Nqy6UWJvcUpUxGx4+Fl5X12B3ojOa3VV38McCmCT4uI1EPaKYKNdS8ZPXj4=','<p>asf</p>','Nqy6UWJvcUpUxGx4+Fl5X12B3ojOa3VV38McCmCT4uI1EPaKYKNdS8ZPXj4=',1),(4,4,NULL,1,3,NULL,'2023-03-22 10:02:41','2023-03-22 10:02:41','en',0,1,'test','-','-',1,0,0,0,1,'<p>sdfsdf</p>','sdfdsf','<p>sdfdsf</p>','<p>sdfdsf</p>','<p>sdfsdf</p>','<p>sdfsdf</p>','<p>sdfsdfsdf</p>','sdfsdf','<p>asdfsadfasdf</p>','pregnant women','','<p>asdfadsfa</p>','<p>asdfsadf</p>','<p>asdfasdf</p>','<p>asdfasdf</p>','<p>asdfasdf</p>','<p>asdfsadf</p>','<p>adsfasdf</p>','<p>asdfadsf</p>','<p>adsfasdf</p>','<p>asdfsadf</p>','<p>adsfasfdas</p>',43,43,34,'<p>asdfdsa</p>','<p>asdfasdf</p>','<p>adsfasdf</p>','2023-04-08','<p>asdfdsaf</p>','<p>asdfsad</p>','<p>sdafadsf</p>','<p>adsfsadf</p>',NULL,'<p>adsfasf</p>','adsf',NULL,'','Nqy6UWJvcUpUxGx4+Fl5X12B3ojOa3VVEL+xKXfRaZEte6kNcJx71tRdXj7Hsg==','Nqy6UWJvcUpUxGx4+Fl5X12B3ojOa3VViuqzhIdjpR1vyavZe4YVdNRdXj7VoBls','Nqy6UWJvcUpUxGx4+Fl5X12B3ojOa3VVz6MzMZK62VK5NN6hDYw2i8ZPXDzQoBxs','<p>asdfadsf</p>','Nqy6UWJvcUpUxGx4+Fl5X12B3ojOa3VV0TfEzDzTAIFLAYpZ1DL5CMZPXj7Hshls',1),(5,5,NULL,1,2,NULL,'2023-04-03 18:39:48','2023-04-03 18:39:48','en',0,1,'test','-','--',0,0,0,0,1,'<p>test</p>','test','<p>test</p>','<p>test</p>','<p>test</p>','','<p>test</p>','test','<p>test</p>','disabled individuals','','<p>test</p>','<p>test</p>','<p>test</p>','<p>test</p>','<p>test</p>','<p>test</p>','<p>test</p>','<p>test</p>','<p>test</p>','<p>test</p>','',32,10,30,'<p>test</p>','<p>test</p>','<p>test</p>','2023-04-29','<p>test</p>','<p>test</p>','<p>test</p>','<p>test</p>',NULL,'<p>test</p>','test',NULL,'','Nqy6UWJvcUpUxGx4+Fl5X12B3ojOa3VVNAqaz1t/Ui/MwUWP/QHcCNNZSSw=','Nqy6UWJvcUpUxGx4+Fl5X12B3ojOa3VVNAqaz1t/Ui/MwUWP/QHcCNNZSSw=','Nqy6UWJvcUpUxGx4+Fl5X12B3ojOa3VVNAqaz1t/Ui/MwUWP/QHcCNNZSSw=','<p>test</p>','Nqy6UWJvcUpUxGx4+Fl5X12B3ojOa3VVNAqaz1t/Ui/MwUWP/QHcCNNZSSw=',1),(6,6,NULL,1,NULL,NULL,'2023-04-25 10:21:39','2023-04-25 10:21:39','en',0,1,'test','-','--',0,0,0,0,0,NULL,NULL,NULL,NULL,NULL,NULL,NULL,NULL,NULL,NULL,NULL,NULL,NULL,NULL,NULL,NULL,NULL,NULL,NULL,NULL,NULL,NULL,NULL,NULL,NULL,NULL,NULL,NULL,NULL,NULL,NULL,NULL,NULL,NULL,NULL,NULL,NULL,NULL,NULL,NULL,NULL,NULL,NULL,NULL),(7,7,NULL,1,NULL,NULL,'2023-05-01 13:10:49','2023-05-01 13:10:49','en',0,1,'test','-','--',0,0,0,0,0,'<p>test</p>','test','<p>test</p>','<p>test</p>','<p>test</p>','<p>test</p>','<p>test</p>','test',NULL,NULL,NULL,NULL,NULL,NULL,NULL,NULL,NULL,NULL,NULL,NULL,NULL,NULL,NULL,NULL,NULL,NULL,NULL,NULL,NULL,NULL,NULL,NULL,NULL,NULL,NULL,NULL,NULL,NULL,NULL,NULL,NULL,NULL,NULL,NULL);
/*!40000 ALTER TABLE `submission` ENABLE KEYS */;
UNLOCK TABLES;

--
-- Table structure for table `submission_clinical_study`
--

DROP TABLE IF EXISTS `submission_clinical_study`;
/*!40101 SET @saved_cs_client     = @@character_set_client */;
/*!50503 SET character_set_client = utf8mb4 */;
CREATE TABLE `submission_clinical_study` (
  `id` int NOT NULL AUTO_INCREMENT,
  `submission_id` int NOT NULL,
  `gender_id` int DEFAULT NULL,
  `recruitment_status_id` int DEFAULT NULL,
  `created` datetime NOT NULL,
  `updated` datetime NOT NULL,
  `sample_size` int DEFAULT NULL,
  `minimum_age` int DEFAULT NULL,
  `maximum_age` int DEFAULT NULL,
  `sample_size_justify` longtext COLLATE utf8mb3_unicode_ci,
  `inclusion_criteria` longtext COLLATE utf8mb3_unicode_ci,
  `exclusion_criteria` longtext COLLATE utf8mb3_unicode_ci,
  `recruitment_init_date` date DEFAULT NULL,
  `description` varchar(510) COLLATE utf8mb3_unicode_ci DEFAULT NULL,
  PRIMARY KEY (`id`),
  KEY `IDX_873BBB38E1FD4933` (`submission_id`),
  KEY `IDX_873BBB38708A0E0` (`gender_id`),
  KEY `IDX_873BBB381767A288` (`recruitment_status_id`),
  CONSTRAINT `FK_873BBB381767A288` FOREIGN KEY (`recruitment_status_id`) REFERENCES `list_recruitment_status` (`id`) ON DELETE SET NULL,
  CONSTRAINT `FK_873BBB38708A0E0` FOREIGN KEY (`gender_id`) REFERENCES `list_gender` (`id`) ON DELETE SET NULL,
  CONSTRAINT `FK_873BBB38E1FD4933` FOREIGN KEY (`submission_id`) REFERENCES `submission` (`id`) ON DELETE CASCADE
) ENGINE=InnoDB DEFAULT CHARSET=utf8mb3 COLLATE=utf8mb3_unicode_ci;
/*!40101 SET character_set_client = @saved_cs_client */;

--
-- Dumping data for table `submission_clinical_study`
--

LOCK TABLES `submission_clinical_study` WRITE;
/*!40000 ALTER TABLE `submission_clinical_study` DISABLE KEYS */;
/*!40000 ALTER TABLE `submission_clinical_study` ENABLE KEYS */;
UNLOCK TABLES;

--
-- Table structure for table `submission_clinical_trial`
--

DROP TABLE IF EXISTS `submission_clinical_trial`;
/*!40101 SET @saved_cs_client     = @@character_set_client */;
/*!50503 SET character_set_client = utf8mb4 */;
CREATE TABLE `submission_clinical_trial` (
  `id` int NOT NULL AUTO_INCREMENT,
  `clinical_trial_name_id` int DEFAULT NULL,
  `submission_id` int NOT NULL,
  `created` datetime NOT NULL,
  `updated` datetime NOT NULL,
  `number` varchar(255) COLLATE utf8mb3_unicode_ci NOT NULL,
  `date` date DEFAULT NULL,
  PRIMARY KEY (`id`),
  KEY `IDX_15E6724EC8B14B6` (`clinical_trial_name_id`),
  KEY `IDX_15E6724EE1FD4933` (`submission_id`),
  CONSTRAINT `FK_15E6724EC8B14B6` FOREIGN KEY (`clinical_trial_name_id`) REFERENCES `list_clinical_trial_name` (`id`) ON DELETE SET NULL,
  CONSTRAINT `FK_15E6724EE1FD4933` FOREIGN KEY (`submission_id`) REFERENCES `submission` (`id`) ON DELETE CASCADE
) ENGINE=InnoDB DEFAULT CHARSET=utf8mb3 COLLATE=utf8mb3_unicode_ci;
/*!40101 SET character_set_client = @saved_cs_client */;

--
-- Dumping data for table `submission_clinical_trial`
--

LOCK TABLES `submission_clinical_trial` WRITE;
/*!40000 ALTER TABLE `submission_clinical_trial` DISABLE KEYS */;
/*!40000 ALTER TABLE `submission_clinical_trial` ENABLE KEYS */;
UNLOCK TABLES;

--
-- Table structure for table `submission_cost`
--

DROP TABLE IF EXISTS `submission_cost`;
/*!40101 SET @saved_cs_client     = @@character_set_client */;
/*!50503 SET character_set_client = utf8mb4 */;
CREATE TABLE `submission_cost` (
  `id` int NOT NULL AUTO_INCREMENT,
  `submission_id` int NOT NULL,
  `created` datetime NOT NULL,
  `updated` datetime NOT NULL,
  `description` varchar(255) COLLATE utf8mb3_unicode_ci NOT NULL,
  `quantity` int NOT NULL,
  `unit_cost` double NOT NULL,
  PRIMARY KEY (`id`),
  KEY `IDX_8A20FF93E1FD4933` (`submission_id`),
  CONSTRAINT `FK_8A20FF93E1FD4933` FOREIGN KEY (`submission_id`) REFERENCES `submission` (`id`) ON DELETE CASCADE
) ENGINE=InnoDB DEFAULT CHARSET=utf8mb3 COLLATE=utf8mb3_unicode_ci;
/*!40101 SET character_set_client = @saved_cs_client */;

--
-- Dumping data for table `submission_cost`
--

LOCK TABLES `submission_cost` WRITE;
/*!40000 ALTER TABLE `submission_cost` DISABLE KEYS */;
/*!40000 ALTER TABLE `submission_cost` ENABLE KEYS */;
UNLOCK TABLES;

--
-- Table structure for table `submission_country`
--

DROP TABLE IF EXISTS `submission_country`;
/*!40101 SET @saved_cs_client     = @@character_set_client */;
/*!50503 SET character_set_client = utf8mb4 */;
CREATE TABLE `submission_country` (
  `id` int NOT NULL AUTO_INCREMENT,
  `submission_id` int NOT NULL,
  `country_id` int DEFAULT NULL,
  `created` datetime NOT NULL,
  `updated` datetime NOT NULL,
  `participants` int NOT NULL,
  PRIMARY KEY (`id`),
  KEY `IDX_7F9252B0E1FD4933` (`submission_id`),
  KEY `IDX_7F9252B0F92F3E70` (`country_id`),
  CONSTRAINT `FK_7F9252B0E1FD4933` FOREIGN KEY (`submission_id`) REFERENCES `submission` (`id`) ON DELETE CASCADE,
  CONSTRAINT `FK_7F9252B0F92F3E70` FOREIGN KEY (`country_id`) REFERENCES `list_country` (`id`) ON DELETE SET NULL
) ENGINE=InnoDB AUTO_INCREMENT=2 DEFAULT CHARSET=utf8mb3 COLLATE=utf8mb3_unicode_ci;
/*!40101 SET character_set_client = @saved_cs_client */;

--
-- Dumping data for table `submission_country`
--

LOCK TABLES `submission_country` WRITE;
/*!40000 ALTER TABLE `submission_country` DISABLE KEYS */;
INSERT INTO `submission_country` VALUES (1,2,2,'2023-03-09 23:55:56','2023-03-09 23:55:56',3);
/*!40000 ALTER TABLE `submission_country` ENABLE KEYS */;
UNLOCK TABLES;

--
-- Table structure for table `submission_task`
--

DROP TABLE IF EXISTS `submission_task`;
/*!40101 SET @saved_cs_client     = @@character_set_client */;
/*!50503 SET character_set_client = utf8mb4 */;
CREATE TABLE `submission_task` (
  `id` int NOT NULL AUTO_INCREMENT,
  `submission_id` int NOT NULL,
  `created` datetime NOT NULL,
  `updated` datetime NOT NULL,
  `description` varchar(255) COLLATE utf8mb3_unicode_ci NOT NULL,
  `responsible` varchar(255) COLLATE utf8mb3_unicode_ci NOT NULL,
  `init` date NOT NULL,
  `end` date NOT NULL,
  PRIMARY KEY (`id`),
  KEY `IDX_C078B04AE1FD4933` (`submission_id`),
  CONSTRAINT `FK_C078B04AE1FD4933` FOREIGN KEY (`submission_id`) REFERENCES `submission` (`id`) ON DELETE CASCADE
) ENGINE=InnoDB AUTO_INCREMENT=2 DEFAULT CHARSET=utf8mb3 COLLATE=utf8mb3_unicode_ci;
/*!40101 SET character_set_client = @saved_cs_client */;

--
-- Dumping data for table `submission_task`
--

LOCK TABLES `submission_task` WRITE;
/*!40000 ALTER TABLE `submission_task` DISABLE KEYS */;
INSERT INTO `submission_task` VALUES (1,4,'2023-03-29 23:44:51','2023-03-29 23:44:51','asdfas','asdfa','2023-03-31','2023-04-08');
/*!40000 ALTER TABLE `submission_task` ENABLE KEYS */;
UNLOCK TABLES;

--
-- Table structure for table `submission_team`
--

DROP TABLE IF EXISTS `submission_team`;
/*!40101 SET @saved_cs_client     = @@character_set_client */;
/*!50503 SET character_set_client = utf8mb4 */;
CREATE TABLE `submission_team` (
  `id` int NOT NULL AUTO_INCREMENT,
  `submission_id` int NOT NULL,
  `team_member_id` int DEFAULT NULL,
  `created` datetime NOT NULL,
  `updated` datetime NOT NULL,
  `email` varchar(255) COLLATE utf8mb3_unicode_ci DEFAULT NULL,
  `name` varchar(255) COLLATE utf8mb3_unicode_ci DEFAULT NULL,
  `institution` varchar(255) COLLATE utf8mb3_unicode_ci DEFAULT NULL,
  `role` varchar(255) COLLATE utf8mb3_unicode_ci NOT NULL,
  PRIMARY KEY (`id`),
  KEY `IDX_56E6CD70E1FD4933` (`submission_id`),
  KEY `IDX_56E6CD70C292CD19` (`team_member_id`),
  CONSTRAINT `FK_56E6CD70C292CD19` FOREIGN KEY (`team_member_id`) REFERENCES `user` (`id`) ON DELETE SET NULL,
  CONSTRAINT `FK_56E6CD70E1FD4933` FOREIGN KEY (`submission_id`) REFERENCES `submission` (`id`) ON DELETE CASCADE
) ENGINE=InnoDB AUTO_INCREMENT=3 DEFAULT CHARSET=utf8mb3 COLLATE=utf8mb3_unicode_ci;
/*!40101 SET character_set_client = @saved_cs_client */;

--
-- Dumping data for table `submission_team`
--

LOCK TABLES `submission_team` WRITE;
/*!40000 ALTER TABLE `submission_team` DISABLE KEYS */;
INSERT INTO `submission_team` VALUES (2,4,2,'2023-03-22 10:03:17','2023-03-22 10:03:17',NULL,NULL,NULL,'');
/*!40000 ALTER TABLE `submission_team` ENABLE KEYS */;
UNLOCK TABLES;

--
-- Table structure for table `submission_upload`
--

DROP TABLE IF EXISTS `submission_upload`;
/*!40101 SET @saved_cs_client     = @@character_set_client */;
/*!50503 SET character_set_client = utf8mb4 */;
CREATE TABLE `submission_upload` (
  `id` int NOT NULL AUTO_INCREMENT,
  `user_id` int DEFAULT NULL,
  `submission_id` int DEFAULT NULL,
  `upload_type_id` int DEFAULT NULL,
  `created` datetime NOT NULL,
  `updated` datetime NOT NULL,
  `filename` varchar(255) COLLATE utf8mb3_unicode_ci NOT NULL,
  `filepath` varchar(1023) COLLATE utf8mb3_unicode_ci NOT NULL,
  `submission_number` int NOT NULL,
  `flag` int DEFAULT NULL,
  `is_monitoring_action` tinyint(1) NOT NULL,
  PRIMARY KEY (`id`),
  KEY `IDX_2FB8BBA1A76ED395` (`user_id`),
  KEY `IDX_2FB8BBA1E1FD4933` (`submission_id`),
  KEY `IDX_2FB8BBA17B967D` (`upload_type_id`),
  CONSTRAINT `FK_2FB8BBA17B967D` FOREIGN KEY (`upload_type_id`) REFERENCES `upload_type` (`id`) ON DELETE SET NULL,
  CONSTRAINT `FK_2FB8BBA1A76ED395` FOREIGN KEY (`user_id`) REFERENCES `user` (`id`) ON DELETE SET NULL,
  CONSTRAINT `FK_2FB8BBA1E1FD4933` FOREIGN KEY (`submission_id`) REFERENCES `submission` (`id`) ON DELETE CASCADE
) ENGINE=InnoDB AUTO_INCREMENT=34 DEFAULT CHARSET=utf8mb3 COLLATE=utf8mb3_unicode_ci;
/*!40101 SET character_set_client = @saved_cs_client */;

--
-- Dumping data for table `submission_upload`
--

LOCK TABLES `submission_upload` WRITE;
/*!40000 ALTER TABLE `submission_upload` DISABLE KEYS */;
INSERT INTO `submission_upload` VALUES (23,1,2,1,'2023-03-09 23:56:26','2023-03-09 23:56:26','640a560a565a6_2023-03-09-23h56m26s-submission.pdf','/home/redet/CMHS-REAMS/src/Proethos2/ModelBundle/Entity/../../../../uploads/00002/640a560a565a6_2023-03-09-23h56m26s-submission.pdf',1,NULL,0),(24,1,2,28,'2023-03-09 23:57:08','2023-03-09 23:57:08','640a56341d6cd_emr-training-documentation.pdf','/home/redet/CMHS-REAMS/src/Proethos2/ModelBundle/Entity/../../../../uploads/00002/640a56341d6cd_emr-training-documentation.pdf',1,NULL,0),(25,1,3,1,'2023-03-16 17:47:20','2023-03-16 17:47:20','64133a0874a1f_2023-03-16-17h47m20s-submission.pdf','/home/redet/CMHS-REAMS/src/Proethos2/ModelBundle/Entity/../../../../uploads/00003/64133a0874a1f_2023-03-16-17h47m20s-submission.pdf',1,NULL,0),(27,1,4,1,'2023-03-29 23:45:44','2023-03-29 23:45:44','6424b188df365_2023-03-29-23h45m44s-submission.pdf','/home/redet/CMHS-REAMS/src/Proethos2/ModelBundle/Entity/../../../../uploads/00004/6424b188df365_2023-03-29-23h45m44s-submission.pdf',1,NULL,0),(28,1,4,28,'2023-03-30 01:23:56','2023-03-30 01:23:56','6424c88cad27b_study-deleted.pdf','/home/redet/CMHS-REAMS/src/Proethos2/ModelBundle/Entity/../../../../uploads/00004/6424c88cad27b_study-deleted.pdf',1,NULL,0),(29,1,5,1,'2023-04-03 18:41:51','2023-04-03 18:41:51','642b01cf2252e_2023-04-03-18h41m50s-submission.pdf','/home/redet/CMHS-REAMS/src/Proethos2/ModelBundle/Entity/../../../../uploads/00005/642b01cf2252e_2023-04-03-18h41m50s-submission.pdf',1,NULL,0),(30,2,5,30,'2023-04-27 18:23:08','2023-04-27 18:23:08','644aa16c7d97b_emtc-assignment.pdf','/home/redet/CMHS-REAMS/src/Proethos2/ModelBundle/Entity/../../../../uploads/00005/644aa16c7d97b_emtc-assignment.pdf',1,NULL,0),(32,1,5,30,'2023-05-01 19:43:21','2023-05-01 19:43:21','644ffa3956c46_document.pdf','/home/redet/CMHS-REAMS/src/Proethos2/ModelBundle/Entity/../../../../uploads/00005/644ffa3956c46_document.pdf',1,NULL,0),(33,1,6,30,'2023-05-01 22:36:26','2023-05-01 22:36:26','645022caf15e3_emr-eapts-integration.pdf','/home/redet/CMHS-REAMS/src/Proethos2/ModelBundle/Entity/../../../../uploads/00006/645022caf15e3_emr-eapts-integration.pdf',1,NULL,0);
/*!40000 ALTER TABLE `submission_upload` ENABLE KEYS */;
UNLOCK TABLES;

--
-- Table structure for table `submission_user`
--

DROP TABLE IF EXISTS `submission_user`;
/*!40101 SET @saved_cs_client     = @@character_set_client */;
/*!50503 SET character_set_client = utf8mb4 */;
CREATE TABLE `submission_user` (
  `submission_id` int NOT NULL,
  `user_id` int NOT NULL,
  PRIMARY KEY (`submission_id`,`user_id`),
  KEY `IDX_1F95BD26E1FD4933` (`submission_id`),
  KEY `IDX_1F95BD26A76ED395` (`user_id`),
  CONSTRAINT `FK_1F95BD26A76ED395` FOREIGN KEY (`user_id`) REFERENCES `user` (`id`) ON DELETE CASCADE,
  CONSTRAINT `FK_1F95BD26E1FD4933` FOREIGN KEY (`submission_id`) REFERENCES `submission` (`id`) ON DELETE CASCADE
) ENGINE=InnoDB DEFAULT CHARSET=utf8mb3 COLLATE=utf8mb3_unicode_ci;
/*!40101 SET character_set_client = @saved_cs_client */;

--
-- Dumping data for table `submission_user`
--

LOCK TABLES `submission_user` WRITE;
/*!40000 ALTER TABLE `submission_user` DISABLE KEYS */;
INSERT INTO `submission_user` VALUES (4,2);
/*!40000 ALTER TABLE `submission_user` ENABLE KEYS */;
UNLOCK TABLES;

--
-- Table structure for table `upload_type`
--

DROP TABLE IF EXISTS `upload_type`;
/*!40101 SET @saved_cs_client     = @@character_set_client */;
/*!50503 SET character_set_client = utf8mb4 */;
CREATE TABLE `upload_type` (
  `id` int NOT NULL AUTO_INCREMENT,
  `created` datetime NOT NULL,
  `updated` datetime NOT NULL,
  `name` varchar(255) COLLATE utf8mb3_unicode_ci NOT NULL,
  `slug` varchar(255) COLLATE utf8mb3_unicode_ci NOT NULL,
  `status` tinyint(1) NOT NULL,
  PRIMARY KEY (`id`),
  UNIQUE KEY `UNIQ_85AD050989D9B62` (`slug`)
) ENGINE=InnoDB AUTO_INCREMENT=43 DEFAULT CHARSET=utf8mb3 COLLATE=utf8mb3_unicode_ci;
/*!40101 SET character_set_client = @saved_cs_client */;

--
-- Dumping data for table `upload_type`
--

LOCK TABLES `upload_type` WRITE;
/*!40000 ALTER TABLE `upload_type` DISABLE KEYS */;
INSERT INTO `upload_type` VALUES (1,'1970-01-01 00:00:00','1970-01-01 00:00:00','Protocol','protocol',1),(2,'1970-01-01 00:00:00','1970-01-01 00:00:00','Others','others',1),(3,'1970-01-01 00:00:00','1970-01-01 00:00:00','Decision','decision',1),(11,'1970-01-01 00:00:00','1970-01-01 00:00:00','Institutional Authorization ','institutional-authorization',1),(27,'1970-01-01 00:00:00','1970-01-01 00:00:00','Scientific Support','scientific-support',1),(28,'1970-01-01 00:00:00','1970-01-01 00:00:00','Bibliography','bibliography',1),(29,'1970-01-01 00:00:00','1970-01-01 00:00:00','Questionnaire ','questionnaire',1),(30,'1970-01-01 00:00:00','1970-01-01 00:00:00','Opinion','opinion',1),(31,'1970-01-01 00:00:00','1970-01-01 00:00:00','Decision issued by another committee','decision-issued-by-another-committee',1),(32,'1970-01-01 00:00:00','1970-01-01 00:00:00','Survey','survey',1),(33,'1970-01-01 00:00:00','1970-01-01 00:00:00','Justification waiver of consent','justification-waiver-of-consent',1),(34,'1970-01-01 00:00:00','1970-01-01 00:00:00','Recruitment material/participant information','recruitment-material-participant-information',1),(35,'1970-01-01 00:00:00','1970-01-01 00:00:00','Insurance policy','insurance-policy',1),(36,'1970-01-01 00:00:00','1970-01-01 00:00:00','Estimation','estimation',1),(37,'1970-01-01 00:00:00','1970-01-01 00:00:00','Protocol with animals','protocol-with-animals',1),(38,'1970-01-01 00:00:00','1970-01-01 00:00:00','Adverse event report','adverse-event-report',1),(39,'1970-01-01 00:00:00','1970-01-01 00:00:00','Executive Summary','executive-summary',1),(40,'1970-01-01 00:00:00','1970-01-01 00:00:00','Informed consent','informed-consent',1),(41,'1970-01-01 00:00:00','1970-01-01 00:00:00','Protocol','protocol-sup',1),(42,'1970-01-01 00:00:00','1970-01-01 00:00:00','Opinion','opinion-sup',1);
/*!40000 ALTER TABLE `upload_type` ENABLE KEYS */;
UNLOCK TABLES;

--
-- Table structure for table `upload_type_extension`
--

DROP TABLE IF EXISTS `upload_type_extension`;
/*!40101 SET @saved_cs_client     = @@character_set_client */;
/*!50503 SET character_set_client = utf8mb4 */;
CREATE TABLE `upload_type_extension` (
  `id` int NOT NULL AUTO_INCREMENT,
  `created` datetime NOT NULL,
  `updated` datetime NOT NULL,
  `extension` varchar(10) COLLATE utf8mb3_unicode_ci NOT NULL,
  `status` tinyint(1) NOT NULL,
  PRIMARY KEY (`id`)
) ENGINE=InnoDB AUTO_INCREMENT=5 DEFAULT CHARSET=utf8mb3 COLLATE=utf8mb3_unicode_ci;
/*!40101 SET character_set_client = @saved_cs_client */;

--
-- Dumping data for table `upload_type_extension`
--

LOCK TABLES `upload_type_extension` WRITE;
/*!40000 ALTER TABLE `upload_type_extension` DISABLE KEYS */;
INSERT INTO `upload_type_extension` VALUES (1,'2016-08-26 12:29:31','2016-08-26 12:29:31','.pdf',1),(2,'2016-08-26 12:29:43','2016-08-26 12:29:43','.docx',1),(3,'2016-08-26 12:29:54','2016-08-26 12:29:54','.doc',1),(4,'2016-08-26 12:34:03','2016-08-26 12:34:03','.xlsx',1);
/*!40000 ALTER TABLE `upload_type_extension` ENABLE KEYS */;
UNLOCK TABLES;

--
-- Table structure for table `upload_type_upload_type_extension`
--

DROP TABLE IF EXISTS `upload_type_upload_type_extension`;
/*!40101 SET @saved_cs_client     = @@character_set_client */;
/*!50503 SET character_set_client = utf8mb4 */;
CREATE TABLE `upload_type_upload_type_extension` (
  `uploadtype_id` int NOT NULL,
  `uploadtypeextension_id` int NOT NULL,
  PRIMARY KEY (`uploadtype_id`,`uploadtypeextension_id`),
  KEY `IDX_BBBAE26FB15E3BA8` (`uploadtype_id`),
  KEY `IDX_BBBAE26FD13F305` (`uploadtypeextension_id`),
  CONSTRAINT `FK_BBBAE26FB15E3BA8` FOREIGN KEY (`uploadtype_id`) REFERENCES `upload_type` (`id`) ON DELETE CASCADE,
  CONSTRAINT `FK_BBBAE26FD13F305` FOREIGN KEY (`uploadtypeextension_id`) REFERENCES `upload_type_extension` (`id`) ON DELETE CASCADE
) ENGINE=InnoDB DEFAULT CHARSET=utf8mb3 COLLATE=utf8mb3_unicode_ci;
/*!40101 SET character_set_client = @saved_cs_client */;

--
-- Dumping data for table `upload_type_upload_type_extension`
--

LOCK TABLES `upload_type_upload_type_extension` WRITE;
/*!40000 ALTER TABLE `upload_type_upload_type_extension` DISABLE KEYS */;
INSERT INTO `upload_type_upload_type_extension` VALUES (1,1),(1,2),(1,3),(2,1),(2,2),(2,3),(2,4),(3,1),(11,1),(11,2),(11,3),(27,1),(27,2),(27,3),(28,1),(28,2),(28,3),(29,1),(29,2),(29,3),(29,4),(30,1),(31,1),(32,1),(32,2),(32,3),(32,4),(33,1),(33,2),(33,3),(34,1),(34,2),(34,3),(34,4),(35,1),(35,2),(35,3),(36,1),(36,2),(36,3),(36,4),(37,1),(37,2),(37,3),(38,1),(38,2),(38,3),(39,1),(39,2),(39,3),(40,1),(40,2),(40,3),(41,1),(41,2),(41,3),(42,1);
/*!40000 ALTER TABLE `upload_type_upload_type_extension` ENABLE KEYS */;
UNLOCK TABLES;

--
-- Table structure for table `user`
--

DROP TABLE IF EXISTS `user`;
/*!40101 SET @saved_cs_client     = @@character_set_client */;
/*!50503 SET character_set_client = utf8mb4 */;
CREATE TABLE `user` (
  `id` int NOT NULL AUTO_INCREMENT,
  `country_id` int DEFAULT NULL,
  `created` datetime NOT NULL,
  `updated` datetime NOT NULL,
  `email` varchar(255) COLLATE utf8mb3_unicode_ci NOT NULL,
  `password` varchar(64) COLLATE utf8mb3_unicode_ci NOT NULL,
  `username` varchar(255) COLLATE utf8mb3_unicode_ci NOT NULL,
  `is_active` tinyint(1) NOT NULL,
  `name` varchar(255) COLLATE utf8mb3_unicode_ci NOT NULL,
  `phone` varchar(255) COLLATE utf8mb3_unicode_ci NOT NULL,
  `institution` varchar(255) COLLATE utf8mb3_unicode_ci DEFAULT NULL,
  `hashcode` varchar(255) COLLATE utf8mb3_unicode_ci DEFAULT NULL,
  `first_access` tinyint(1) NOT NULL,
  PRIMARY KEY (`id`),
  UNIQUE KEY `UNIQ_8D93D649F85E0677` (`username`),
  KEY `IDX_8D93D649F92F3E70` (`country_id`),
  CONSTRAINT `FK_8D93D649F92F3E70` FOREIGN KEY (`country_id`) REFERENCES `list_country` (`id`) ON DELETE SET NULL
) ENGINE=InnoDB AUTO_INCREMENT=4 DEFAULT CHARSET=utf8mb3 COLLATE=utf8mb3_unicode_ci;
/*!40101 SET character_set_client = @saved_cs_client */;

--
-- Dumping data for table `user`
--

LOCK TABLES `user` WRITE;
/*!40000 ALTER TABLE `user` DISABLE KEYS */;
INSERT INTO `user` VALUES (1,75,'2023-03-09 23:10:29','2023-03-09 23:10:29','Nqy6UWJvcUpUxGx4+Fl5X12B3ojOa3VVQG5qNWCuWpx7yg6oga6QZdVZXj3AtD1trf552BLE6K8=','$2y$13$ipONMeNOR7gM6qjDwS.JK.ZhXn6/92.PC.HIkx.sp4fXtNe5Q2wg2','Nqy6UWJvcUpUxGx4+Fl5X12B3ojOa3VVGOmSZdeDyMmjKsDQou7c9sZYVzHa',1,'admin','0900000000','Nqy6UWJvcUpUxGx4+Fl5X12B3ojOa3VVjMd1f+Wobu83jiVGsL+0yvJSUy7RoQ5jtOYw21qHwK1n0IRY','25e9cb6de0b4b0fafb1344d8d18831f2',0),(2,14,'2023-03-21 20:31:38','2023-03-21 20:31:38','Nqy6UWJvcUpUxGx4+Fl5X12B3ojOa3VVL7PjA1WuCdfuntoYNnhpwdVZXj3AthpKp/Jx3VCJ5K1k','$2y$13$P/sIbdmJQbLEggaMhHI9iePLJuMAo5QEpuk4dLs2/VveS9lrfg4wq','Nqy6UWJvcUpUxGx4+Fl5X12B3ojOa3VVNAqaz1t/Ui/MwUWP/QHcCNNZSSw=',1,'tseag','094353443','Nqy6UWJvcUpUxGx4+Fl5X12B3ojOa3VVNAqaz1t/Ui/MwUWP/QHcCNNZSSw=',NULL,0),(3,6,'2023-04-26 19:06:44','2023-04-26 19:06:44','Nqy6UWJvcUpUxGx4+Fl5X12B3ojOa3VVb2oo6yZ0oBOR2iA2xbsvEtNZSSz0vxJpofN420/T','$2y$13$u6wyFOQmHSEM0iUilEeMKel7AgeMQ504Jr.dkNUeqxAov9UZT6UVS','Nqy6UWJvcUpUxGx4+Fl5X12B3ojOa3VVYj82aL1PZfrI9gpztrYHFtNZSSyG',1,'test','945284142','Nqy6UWJvcUpUxGx4+Fl5X12B3ojOa3VViFvKILW1mEYkQpYZczizYsBTVDzVoQ==',NULL,0);
/*!40000 ALTER TABLE `user` ENABLE KEYS */;
UNLOCK TABLES;

--
-- Table structure for table `user_role`
--

DROP TABLE IF EXISTS `user_role`;
/*!40101 SET @saved_cs_client     = @@character_set_client */;
/*!50503 SET character_set_client = utf8mb4 */;
CREATE TABLE `user_role` (
  `user_id` int NOT NULL,
  `role_id` int NOT NULL,
  PRIMARY KEY (`user_id`,`role_id`),
  KEY `IDX_2DE8C6A3A76ED395` (`user_id`),
  KEY `IDX_2DE8C6A3D60322AC` (`role_id`),
  CONSTRAINT `FK_2DE8C6A3A76ED395` FOREIGN KEY (`user_id`) REFERENCES `user` (`id`) ON DELETE CASCADE,
  CONSTRAINT `FK_2DE8C6A3D60322AC` FOREIGN KEY (`role_id`) REFERENCES `list_role` (`id`) ON DELETE CASCADE
) ENGINE=InnoDB DEFAULT CHARSET=utf8mb3 COLLATE=utf8mb3_unicode_ci;
/*!40101 SET character_set_client = @saved_cs_client */;

--
-- Dumping data for table `user_role`
--

LOCK TABLES `user_role` WRITE;
/*!40000 ALTER TABLE `user_role` DISABLE KEYS */;
INSERT INTO `user_role` VALUES (1,1),(1,2),(1,3),(1,4),(1,5),(2,1),(2,4),(2,5),(3,1),(3,3);
/*!40000 ALTER TABLE `user_role` ENABLE KEYS */;
UNLOCK TABLES;
/*!40103 SET TIME_ZONE=@OLD_TIME_ZONE */;

/*!40101 SET SQL_MODE=@OLD_SQL_MODE */;
/*!40014 SET FOREIGN_KEY_CHECKS=@OLD_FOREIGN_KEY_CHECKS */;
/*!40014 SET UNIQUE_CHECKS=@OLD_UNIQUE_CHECKS */;
/*!40101 SET CHARACTER_SET_CLIENT=@OLD_CHARACTER_SET_CLIENT */;
/*!40101 SET CHARACTER_SET_RESULTS=@OLD_CHARACTER_SET_RESULTS */;
/*!40101 SET COLLATION_CONNECTION=@OLD_COLLATION_CONNECTION */;
/*!40111 SET SQL_NOTES=@OLD_SQL_NOTES */;

-- Dump completed on 2023-05-25 12:02:52
